"LAB_SAMPLE_ID","PROJECT_CODE","SAMPLE_NAME","MATRIX","SAMPLE_DATE","SAMPLE_TIME","DATE_RECEIVED","TIME_RECEIVED","LAB_QUALIFIER","DILUTION_FACTOR","ANALYSIS_DATETIME","COMMENTS","RESULT_QUALIFIER","SAMPLE_LOCATION","SAMPLE_METHOD","SAMPLE_DEPTH_METERS","SAMPLE_ORGANIZATION","EVENT_ID","SAMPLE_CREW","SAMPLE_LATITUDE","SAMPLE_LONGITUDE","SAMPLE_METHOD_REFERENCE","SAMPLE_METHOD_DESCRIPTION","EVENT_DATETIME","PROJECT","QAPP_ID","SITE_CODE","PARAMETER_NAME","RESULT_VALUE","RESULT_CATEGORY","SAMPLE_DELIVERY_GROUP","UNIT","RESULT_QUALIFIER_NOTE","SAMPLE_LAB","REPLICATE","LAB_VALIDATION_LEVEL","PREP_METHOD","QUALIFIER_SOURCE","REPORTABLE_RESULT","RESULT_TYPE_CODE","TEST_TYPE","FINAL_VOLUME","SUBSAMPLE_AMOUNT","SAMPLE_TYPE","SAMPLE_SOURCE","DETECT_FLAG","SAMPLE_COMMENT","RESULT_COMMENT","PREP_DATETIME","METHOD_SPECIATION","FINAL_VOLUME_UNIT","SUBSAMPLE_AMOUNT_UNIT","METHOD_DETECTION_LIMIT","REPORTING_DETECTION_LIMIT","DETECTION_LIMIT_UNIT","QUANTITATION_LIMIT","LAB_ANALYTICAL_METHOD","FRACTION","PARAMETER_ID","CASRN","PARAMETER_CODE"
"250605008-002","LBH25","25L0099","water",2025-06-03,1899-12-31 14:00:00,2025-06-05,1899-12-31 15:25:00,NA,1,2025-06-06,NA,NA,"lake_littoral","scrape",NA,"NYSDEC","1301BUR0386C_DH_20250603T1400","Novello,Kraft,Onion,Goodrich",42.594772323634,-73.5612778515085,"QAPP-WQM-0078_V24-1_Benthic-HABs","scrape",2025-06-03 14:00:00,"Lake Probability Sampling 2024-2025","QAPP-LCI-0001_V25-1_Statewide","1301BUR0386C_DH","microscopy_dominant_taxa",NA,"fragilaria","250605008","not_applicable",NA,"UFI","1","not_provided","none","NYSDEC","not_provided","not_provided","not_provided",NA,NA,NA,"lab","not_provided","none","none",NA,"not_applicable","not_applicable","not_applicable",NA,NA,"not_applicable",NA,"not_provided","not_applicable",NA,NA,NA
"250605008-002","LBH25","25L0099","water",2025-06-03,1899-12-31 14:00:00,2025-06-05,1899-12-31 15:25:00,NA,1,2025-06-06,NA,NA,"lake_littoral","scrape",NA,"NYSDEC","1301BUR0386C_DH_20250603T1400","Novello,Kraft,Onion,Goodrich",42.594772323634,-73.5612778515085,"QAPP-WQM-0078_V24-1_Benthic-HABs","scrape",2025-06-03 14:00:00,"Lake Probability Sampling 2024-2025","QAPP-LCI-0001_V25-1_Statewide","1301BUR0386C_DH","microscopy_dominant_taxa",NA,"spirogyra","250605008","not_applicable",NA,"UFI","1","not_provided","none","NYSDEC","not_provided","not_provided","not_provided",NA,NA,NA,"lab","not_provided","none","none",NA,"not_applicable","not_applicable","not_applicable",NA,NA,"not_applicable",NA,"not_provided","not_applicable",NA,NA,NA
"250605008-002","LBH25","25L0099","water",2025-06-03,1899-12-31 14:00:00,2025-06-05,1899-12-31 15:25:00,NA,1,2025-06-06,NA,NA,"lake_littoral","scrape",NA,"NYSDEC","1301BUR0386C_DH_20250603T1400","Novello,Kraft,Onion,Goodrich",42.594772323634,-73.5612778515085,"QAPP-WQM-0078_V24-1_Benthic-HABs","scrape",2025-06-03 14:00:00,"Lake Probability Sampling 2024-2025","QAPP-LCI-0001_V25-1_Statewide","1301BUR0386C_DH","microscopy_dominant_taxa",NA,"filamentous greens","250605008","not_applicable",NA,"UFI","1","not_provided","none","NYSDEC","not_provided","not_provided","not_provided",NA,NA,NA,"lab","not_provided","none","none",NA,"not_applicable","not_applicable","not_applicable",NA,NA,"not_applicable",NA,"not_provided","not_applicable",NA,NA,NA
"250605008-002","LBH25","25L0099","water",2025-06-03,1899-12-31 14:00:00,2025-06-05,1899-12-31 15:25:00,NA,1,2025-06-06,NA,NA,"lake_littoral","scrape",NA,"NYSDEC","1301BUR0386C_DH_20250603T1400","Novello,Kraft,Onion,Goodrich",42.594772323634,-73.5612778515085,"QAPP-WQM-0078_V24-1_Benthic-HABs","scrape",2025-06-03 14:00:00,"Lake Probability Sampling 2024-2025","QAPP-LCI-0001_V25-1_Statewide","1301BUR0386C_DH","microscopy_dominant_taxa",NA,"pennate diatoms","250605008","not_applicable",NA,"UFI","1","not_provided","none","NYSDEC","not_provided","not_provided","not_provided",NA,NA,NA,"lab","not_provided","none","none",NA,"not_applicable","not_applicable","not_applicable",NA,NA,"not_applicable",NA,"not_provided","not_applicable",NA,NA,NA
"250605008-006","LBH25","25L0096","water",2025-06-04,1899-12-31 13:30:00,2025-06-05,1899-12-31 15:25:00,NA,1,2025-06-06,NA,NA,"lake_littoral","scrape",NA,"NYSDEC","1101BAL1090_DH_20250604T1330","Kraft,Novello",42.9137968665316,-73.8691806167188,"QAPP-WQM-0078_V24-1_Benthic-HABs","scrape",2025-06-04 13:30:00,"Lake Probability Sampling 2024-2025","QAPP-LCI-0001_V25-1_Statewide","1101BAL1090_DH","microscopy_dominant_taxa",NA,"fragilaria","250605008","not_applicable",NA,"UFI","1","not_provided","none","NYSDEC","not_provided","not_provided","not_provided",NA,NA,NA,"lab","not_provided","none","none",NA,"not_applicable","not_applicable","not_applicable",NA,NA,"not_applicable",NA,"not_provided","not_applicable",NA,NA,NA
"250605008-006","LBH25","25L0096","water",2025-06-04,1899-12-31 13:30:00,2025-06-05,1899-12-31 15:25:00,NA,1,2025-06-06,NA,NA,"lake_littoral","scrape",NA,"NYSDEC","1101BAL1090_DH_20250604T1330","Kraft,Novello",42.9137968665316,-73.8691806167188,"QAPP-WQM-0078_V24-1_Benthic-HABs","scrape",2025-06-04 13:30:00,"Lake Probability Sampling 2024-2025","QAPP-LCI-0001_V25-1_Statewide","1101BAL1090_DH","microscopy_dominant_taxa",NA,"spirogyra","250605008","not_applicable",NA,"UFI","1","not_provided","none","NYSDEC","not_provided","not_provided","not_provided",NA,NA,NA,"lab","not_provided","none","none",NA,"not_applicable","not_applicable","not_applicable",NA,NA,"not_applicable",NA,"not_provided","not_applicable",NA,NA,NA
"250605008-006","LBH25","25L0096","water",2025-06-04,1899-12-31 13:30:00,2025-06-05,1899-12-31 15:25:00,NA,1,2025-06-06,NA,NA,"lake_littoral","scrape",NA,"NYSDEC","1101BAL1090_DH_20250604T1330","Kraft,Novello",42.9137968665316,-73.8691806167188,"QAPP-WQM-0078_V24-1_Benthic-HABs","scrape",2025-06-04 13:30:00,"Lake Probability Sampling 2024-2025","QAPP-LCI-0001_V25-1_Statewide","1101BAL1090_DH","microscopy_dominant_taxa",NA,"pennate diatoms","250605008","not_applicable",NA,"UFI","1","not_provided","none","NYSDEC","not_provided","not_provided","not_provided",NA,NA,NA,"lab","not_provided","none","none",NA,"not_applicable","not_applicable","not_applicable",NA,NA,"not_applicable",NA,"not_provided","not_applicable",NA,NA,NA
"250613001-002","LBH25","25L0130","water",2025-06-12,1899-12-31 12:30:00,2025-06-13,1899-12-31 12:20:00,NA,1,2025-06-19,NA,NA,"lake_littoral","scrape",NA,"NYSDEC","0903SOU0017A_DH_20250612T1230","Kraft,Novello",44.5180052068994,-74.8797521383849,"QAPP-WQM-0078_V24-1_Benthic-HABs","scrape",2025-06-12 12:30:00,"Lake Probability Sampling 2024-2025","QAPP-LCI-0001_V25-1_Statewide","0903SOU0017A_DH","microscopy_dominant_taxa",NA,"oscillatoria","250613001","not_applicable",NA,"UFI","1","not_provided","none","NYSDEC","not_provided","not_provided","not_provided",NA,NA,NA,"lab","not_provided","none","none",NA,"not_applicable","not_applicable","not_applicable",NA,NA,"not_applicable",NA,"not_provided","not_applicable",NA,NA,NA
"250613001-002","LBH25","25L0130","water",2025-06-12,1899-12-31 12:30:00,2025-06-13,1899-12-31 12:20:00,NA,1,2025-06-19,NA,NA,"lake_littoral","scrape",NA,"NYSDEC","0903SOU0017A_DH_20250612T1230","Kraft,Novello",44.5180052068994,-74.8797521383849,"QAPP-WQM-0078_V24-1_Benthic-HABs","scrape",2025-06-12 12:30:00,"Lake Probability Sampling 2024-2025","QAPP-LCI-0001_V25-1_Statewide","0903SOU0017A_DH","microscopy_dominant_taxa",NA,"pennate diatoms","250613001","not_applicable",NA,"UFI","1","not_provided","none","NYSDEC","not_provided","not_provided","not_provided",NA,NA,NA,"lab","not_provided","none","none",NA,"not_applicable","not_applicable","not_applicable",NA,NA,"not_applicable",NA,"not_provided","not_applicable",NA,NA,NA
"250613001-002","LBH25","25L0130","water",2025-06-12,1899-12-31 12:30:00,2025-06-13,1899-12-31 12:20:00,NA,1,2025-06-19,NA,NA,"lake_littoral","scrape",NA,"NYSDEC","0903SOU0017A_DH_20250612T1230","Kraft,Novello",44.5180052068994,-74.8797521383849,"QAPP-WQM-0078_V24-1_Benthic-HABs","scrape",2025-06-12 12:30:00,"Lake Probability Sampling 2024-2025","QAPP-LCI-0001_V25-1_Statewide","0903SOU0017A_DH","microscopy_dominant_taxa",NA,"fragilaria","250613001","not_applicable",NA,"UFI","1","not_provided","none","NYSDEC","not_provided","not_provided","not_provided",NA,NA,NA,"lab","not_provided","none","none",NA,"not_applicable","not_applicable","not_applicable",NA,NA,"not_applicable",NA,"not_provided","not_applicable",NA,NA,NA
"250613003-005","LBH25","25L0135","water",2025-06-11,1899-12-31 11:00:00,2025-06-13,1899-12-31 12:54:00,NA,1,2025-06-26,NA,NA,"lake_littoral","floating_mat",NA,"NYSDEC","1003SIL0073_DH_20250611T1100","Novello,Goodrich,Kraft,Onion",44.509043446306,-73.868090838658,"QAPP-WQM-0078_V24-1_Benthic-HABs","bottle",2025-06-11 11:00:00,"Lake Probability Sampling 2024-2025","QAPP-LCI-0001_V25-1_Statewide","1003SIL0073_DH","microscopy_dominant_taxa",NA,"oscillatoria","250613003","not_applicable",NA,"UFI","1","not_provided","none","NYSDEC","not_provided","not_provided","not_provided",NA,NA,NA,"lab","not_provided","none","none",NA,"not_applicable","not_applicable","not_applicable",NA,NA,"not_applicable",NA,"not_provided","not_applicable",NA,NA,NA
"250613003-005","LBH25","25L0135","water",2025-06-11,1899-12-31 11:00:00,2025-06-13,1899-12-31 12:54:00,NA,1,2025-06-26,NA,NA,"lake_littoral","floating_mat",NA,"NYSDEC","1003SIL0073_DH_20250611T1100","Novello,Goodrich,Kraft,Onion",44.509043446306,-73.868090838658,"QAPP-WQM-0078_V24-1_Benthic-HABs","bottle",2025-06-11 11:00:00,"Lake Probability Sampling 2024-2025","QAPP-LCI-0001_V25-1_Statewide","1003SIL0073_DH","microscopy_dominant_taxa",NA,"lyngbya","250613003","not_applicable",NA,"UFI","1","not_provided","none","NYSDEC","not_provided","not_provided","not_provided",NA,NA,NA,"lab","not_provided","none","none",NA,"not_applicable","not_applicable","not_applicable",NA,NA,"not_applicable",NA,"not_provided","not_applicable",NA,NA,NA
"250613003-005","LBH25","25L0135","water",2025-06-11,1899-12-31 11:00:00,2025-06-13,1899-12-31 12:54:00,NA,1,2025-06-26,NA,NA,"lake_littoral","floating_mat",NA,"NYSDEC","1003SIL0073_DH_20250611T1100","Novello,Goodrich,Kraft,Onion",44.509043446306,-73.868090838658,"QAPP-WQM-0078_V24-1_Benthic-HABs","bottle",2025-06-11 11:00:00,"Lake Probability Sampling 2024-2025","QAPP-LCI-0001_V25-1_Statewide","1003SIL0073_DH","microscopy_dominant_taxa",NA,"merimoedia","250613003","not_applicable",NA,"UFI","1","not_provided","none","NYSDEC","not_provided","not_provided","not_provided",NA,NA,NA,"lab","not_provided","none","none",NA,"not_applicable","not_applicable","not_applicable",NA,NA,"not_applicable",NA,"not_provided","not_applicable",NA,NA,NA
"250613003-006","LBH25","25L0136","water",2025-06-11,1899-12-31 11:00:00,2025-06-13,1899-12-31 12:54:00,NA,1,2025-06-26,NA,NA,"lake_littoral","scrape",NA,"NYSDEC","1003SIL0073_DH_20250611T1100","Novello,Goodrich,Kraft,Onion",44.509043446306,-73.868090838658,"QAPP-WQM-0078_V24-1_Benthic-HABs","scrape",2025-06-11 11:00:00,"Lake Probability Sampling 2024-2025","QAPP-LCI-0001_V25-1_Statewide","1003SIL0073_DH","microscopy_dominant_taxa",NA,"anabaena","250613003","not_applicable",NA,"UFI","1","not_provided","none","NYSDEC","not_provided","not_provided","not_provided",NA,NA,NA,"lab","not_provided","none","none",NA,"not_applicable","not_applicable","not_applicable",NA,NA,"not_applicable",NA,"not_provided","not_applicable",NA,NA,NA
"250613003-006","LBH25","25L0136","water",2025-06-11,1899-12-31 11:00:00,2025-06-13,1899-12-31 12:54:00,NA,1,2025-06-26,NA,NA,"lake_littoral","scrape",NA,"NYSDEC","1003SIL0073_DH_20250611T1100","Novello,Goodrich,Kraft,Onion",44.509043446306,-73.868090838658,"QAPP-WQM-0078_V24-1_Benthic-HABs","scrape",2025-06-11 11:00:00,"Lake Probability Sampling 2024-2025","QAPP-LCI-0001_V25-1_Statewide","1003SIL0073_DH","microscopy_dominant_taxa",NA,"pennate diatoms","250613003","not_applicable",NA,"UFI","1","not_provided","none","NYSDEC","not_provided","not_provided","not_provided",NA,NA,NA,"lab","not_provided","none","none",NA,"not_applicable","not_applicable","not_applicable",NA,NA,"not_applicable",NA,"not_provided","not_applicable",NA,NA,NA
"250613003-006","LBH25","25L0136","water",2025-06-11,1899-12-31 11:00:00,2025-06-13,1899-12-31 12:54:00,NA,1,2025-06-26,NA,NA,"lake_littoral","scrape",NA,"NYSDEC","1003SIL0073_DH_20250611T1100","Novello,Goodrich,Kraft,Onion",44.509043446306,-73.868090838658,"QAPP-WQM-0078_V24-1_Benthic-HABs","scrape",2025-06-11 11:00:00,"Lake Probability Sampling 2024-2025","QAPP-LCI-0001_V25-1_Statewide","1003SIL0073_DH","microscopy_dominant_taxa",NA,"tabellaria","250613003","not_applicable",NA,"UFI","1","not_provided","none","NYSDEC","not_provided","not_provided","not_provided",NA,NA,NA,"lab","not_provided","none","none",NA,"not_applicable","not_applicable","not_applicable",NA,NA,"not_applicable",NA,"not_provided","not_applicable",NA,NA,NA
"250613003-010","LCI25","25L0145","water",2025-06-12,1899-12-31 09:30:00,2025-06-13,1899-12-31 12:54:00,NA,1,2025-06-26,NA,NA,"lake_littoral","scrape",NA,"NYSDEC","1004LAU0276_DH_20250612T1000","Goodrich,Onion",44.1058529970769,-73.8345499621103,"QAPP-WQM-0078_V24-1_Benthic-HABs","scrape",2025-06-12 10:00:00,"Lake Probability Sampling 2024-2025","QAPP-LCI-0001_V25-1_Statewide","1004LAU0276_DH","microscopy_dominant_taxa",NA,"closterium","250613003","not_applicable",NA,"UFI","1","not_provided","none","NYSDEC","not_provided","not_provided","not_provided",NA,NA,NA,"lab","not_provided","none","none",NA,"not_applicable","not_applicable","not_applicable",NA,NA,"not_applicable",NA,"not_provided","not_applicable",NA,NA,NA
"250613003-010","LCI25","25L0145","water",2025-06-12,1899-12-31 09:30:00,2025-06-13,1899-12-31 12:54:00,NA,1,2025-06-26,NA,NA,"lake_littoral","scrape",NA,"NYSDEC","1004LAU0276_DH_20250612T1000","Goodrich,Onion",44.1058529970769,-73.8345499621103,"QAPP-WQM-0078_V24-1_Benthic-HABs","scrape",2025-06-12 10:00:00,"Lake Probability Sampling 2024-2025","QAPP-LCI-0001_V25-1_Statewide","1004LAU0276_DH","microscopy_dominant_taxa",NA,"pennate diatoms","250613003","not_applicable",NA,"UFI","1","not_provided","none","NYSDEC","not_provided","not_provided","not_provided",NA,NA,NA,"lab","not_provided","none","none",NA,"not_applicable","not_applicable","not_applicable",NA,NA,"not_applicable",NA,"not_provided","not_applicable",NA,NA,NA
"250613003-010","LCI25","25L0145","water",2025-06-12,1899-12-31 09:30:00,2025-06-13,1899-12-31 12:54:00,NA,1,2025-06-26,NA,NA,"lake_littoral","scrape",NA,"NYSDEC","1004LAU0276_DH_20250612T1000","Goodrich,Onion",44.1058529970769,-73.8345499621103,"QAPP-WQM-0078_V24-1_Benthic-HABs","scrape",2025-06-12 10:00:00,"Lake Probability Sampling 2024-2025","QAPP-LCI-0001_V25-1_Statewide","1004LAU0276_DH","microscopy_dominant_taxa",NA,"tabellaria","250613003","not_applicable",NA,"UFI","1","not_provided","none","NYSDEC","not_provided","not_provided","not_provided",NA,NA,NA,"lab","not_provided","none","none",NA,"not_applicable","not_applicable","not_applicable",NA,NA,"not_applicable",NA,"not_provided","not_applicable",NA,NA,NA
"250619001-003","LBH25","25L0159","water",2025-06-17,1899-12-31 12:00:00,2025-06-19,1899-12-31 10:40:00,NA,1,2025-06-19,NA,NA,"lake_littoral","scrape",NA,"NYSDEC","1301BAR0192B_DH_20250617T1200","Goodrich,Onion,Lucas De La Tarte",41.3265051327056,-74.0824439036108,"QAPP-WQM-0078_V24-1_Benthic-HABs","scrape",2025-06-17 12:00:00,"Lake Probability Sampling 2024-2025","QAPP-LCI-0001_V25-1_Statewide","1301BAR0192B_DH","microscopy_dominant_taxa",NA,"dichothrix","250619001","not_applicable",NA,"UFI","1","not_provided","none","NYSDEC","not_provided","not_provided","not_provided",NA,NA,NA,"lab","not_provided","none","none",NA,"not_applicable","not_applicable","not_applicable",NA,NA,"not_applicable",NA,"not_provided","not_applicable",NA,NA,NA
"250619001-003","LBH25","25L0159","water",2025-06-17,1899-12-31 12:00:00,2025-06-19,1899-12-31 10:40:00,NA,1,2025-06-19,NA,NA,"lake_littoral","scrape",NA,"NYSDEC","1301BAR0192B_DH_20250617T1200","Goodrich,Onion,Lucas De La Tarte",41.3265051327056,-74.0824439036108,"QAPP-WQM-0078_V24-1_Benthic-HABs","scrape",2025-06-17 12:00:00,"Lake Probability Sampling 2024-2025","QAPP-LCI-0001_V25-1_Statewide","1301BAR0192B_DH","microscopy_dominant_taxa",NA,"nostoc","250619001","not_applicable",NA,"UFI","1","not_provided","none","NYSDEC","not_provided","not_provided","not_provided",NA,NA,NA,"lab","not_provided","none","none",NA,"not_applicable","not_applicable","not_applicable",NA,NA,"not_applicable",NA,"not_provided","not_applicable",NA,NA,NA
"250619001-003","LBH25","25L0159","water",2025-06-17,1899-12-31 12:00:00,2025-06-19,1899-12-31 10:40:00,NA,1,2025-06-19,NA,NA,"lake_littoral","scrape",NA,"NYSDEC","1301BAR0192B_DH_20250617T1200","Goodrich,Onion,Lucas De La Tarte",41.3265051327056,-74.0824439036108,"QAPP-WQM-0078_V24-1_Benthic-HABs","scrape",2025-06-17 12:00:00,"Lake Probability Sampling 2024-2025","QAPP-LCI-0001_V25-1_Statewide","1301BAR0192B_DH","microscopy_dominant_taxa",NA,"tabellaria","250619001","not_applicable",NA,"UFI","1","not_provided","none","NYSDEC","not_provided","not_provided","not_provided",NA,NA,NA,"lab","not_provided","none","none",NA,"not_applicable","not_applicable","not_applicable",NA,NA,"not_applicable",NA,"not_provided","not_applicable",NA,NA,NA
"250703002-002","LBH25","25L0167","water",2025-07-02,1899-12-31 14:00:00,2025-07-03,1899-12-31 09:16:00,NA,NA,2025-07-04,"lost sample due to instrument failure",NA,"lake_littoral","floating_mat",NA,"NYSDEC","1301UWBXXX6_DH_20250702T1400","Kraft,Goodrich",41.2677901493203,-73.9255841648512,"QAPP-WQM-0078_V24-1_Benthic-HABs","bottle",2025-07-02 14:00:00,"Lake Probability Sampling 2024-2025","QAPP-LCI-0001_V25-1_Statewide","1301UWBXXX6_DH","microscopy_dominant_taxa",NA,"arthrospira","250703002","not_applicable",NA,"UFI","1","not_provided","none","NYSDEC","not_provided","not_provided","not_provided",NA,NA,NA,"lab","not_provided","none","none",NA,"not_applicable","not_applicable","not_applicable",NA,NA,"not_applicable",NA,"not_provided","not_applicable",NA,NA,NA
"250703002-002","LBH25","25L0167","water",2025-07-02,1899-12-31 14:00:00,2025-07-03,1899-12-31 09:16:00,NA,NA,2025-07-04,"lost sample due to instrument failure",NA,"lake_littoral","floating_mat",NA,"NYSDEC","1301UWBXXX6_DH_20250702T1400","Kraft,Goodrich",41.2677901493203,-73.9255841648512,"QAPP-WQM-0078_V24-1_Benthic-HABs","bottle",2025-07-02 14:00:00,"Lake Probability Sampling 2024-2025","QAPP-LCI-0001_V25-1_Statewide","1301UWBXXX6_DH","microscopy_dominant_taxa",NA,"phormidium","250703002","not_applicable",NA,"UFI","1","not_provided","none","NYSDEC","not_provided","not_provided","not_provided",NA,NA,NA,"lab","not_provided","none","none",NA,"not_applicable","not_applicable","not_applicable",NA,NA,"not_applicable",NA,"not_provided","not_applicable",NA,NA,NA
"250703002-002","LBH25","25L0167","water",2025-07-02,1899-12-31 14:00:00,2025-07-03,1899-12-31 09:16:00,NA,NA,2025-07-04,"lost sample due to instrument failure",NA,"lake_littoral","floating_mat",NA,"NYSDEC","1301UWBXXX6_DH_20250702T1400","Kraft,Goodrich",41.2677901493203,-73.9255841648512,"QAPP-WQM-0078_V24-1_Benthic-HABs","bottle",2025-07-02 14:00:00,"Lake Probability Sampling 2024-2025","QAPP-LCI-0001_V25-1_Statewide","1301UWBXXX6_DH","microscopy_dominant_taxa",NA,"pennate diatoms","250703002","not_applicable",NA,"UFI","1","not_provided","none","NYSDEC","not_provided","not_provided","not_provided",NA,NA,NA,"lab","not_provided","none","none",NA,"not_applicable","not_applicable","not_applicable",NA,NA,"not_applicable",NA,"not_provided","not_applicable",NA,NA,NA
"250703002-003","LBH25","25L0168","water",2025-07-02,1899-12-31 14:00:00,2025-07-03,1899-12-31 09:16:00,NA,NA,2025-07-04,"lost sample due to instrument failure",NA,"lake_littoral","scrape",NA,"NYSDEC","1301UWBXXX6_DH_20250702T1400","Kraft,Goodrich",41.2677901493203,-73.9255841648512,"QAPP-WQM-0078_V24-1_Benthic-HABs","scrape",2025-07-02 14:00:00,"Lake Probability Sampling 2024-2025","QAPP-LCI-0001_V25-1_Statewide","1301UWBXXX6_DH","microscopy_dominant_taxa",NA,"fragilaria","250703002","not_applicable",NA,"UFI","1","not_provided","none","NYSDEC","not_provided","not_provided","not_provided",NA,NA,NA,"lab","not_provided","none","none",NA,"not_applicable","not_applicable","not_applicable",NA,NA,"not_applicable",NA,"not_provided","not_applicable",NA,NA,NA
"250703002-003","LBH25","25L0168","water",2025-07-02,1899-12-31 14:00:00,2025-07-03,1899-12-31 09:16:00,NA,NA,2025-07-04,"lost sample due to instrument failure",NA,"lake_littoral","scrape",NA,"NYSDEC","1301UWBXXX6_DH_20250702T1400","Kraft,Goodrich",41.2677901493203,-73.9255841648512,"QAPP-WQM-0078_V24-1_Benthic-HABs","scrape",2025-07-02 14:00:00,"Lake Probability Sampling 2024-2025","QAPP-LCI-0001_V25-1_Statewide","1301UWBXXX6_DH","microscopy_dominant_taxa",NA,"filamentous green","250703002","not_applicable",NA,"UFI","1","not_provided","none","NYSDEC","not_provided","not_provided","not_provided",NA,NA,NA,"lab","not_provided","none","none",NA,"not_applicable","not_applicable","not_applicable",NA,NA,"not_applicable",NA,"not_provided","not_applicable",NA,NA,NA
"250710006-004","LBH25","25L0337","water",2025-07-08,1899-12-31 14:00:00,2025-07-10,1899-12-31 14:15:00,NA,1,2025-07-23,NA,NA,"lake_littoral","scrape",NA,"NYSDEC","1203DIA0822_DH_20250708T1400","Novello,Onion,Kraft",43.3070551127521,-74.7295565736351,"QAPP-WQM-0078_V24-1_Benthic-HABs","scrape",2025-07-08 14:00:00,"Lake Probability Sampling 2024-2025","QAPP-LCI-0001_V25-1_Statewide","1203DIA0822_DH","microscopy_dominant_taxa",NA,"tabellaria","250710006","not_applicable",NA,"UFI","1","not_provided","none","NYSDEC","not_provided","not_provided","not_provided",NA,NA,NA,"lab","not_provided","none","none",NA,"not_applicable","not_applicable","not_applicable",NA,NA,"not_applicable",NA,"not_provided","not_applicable",NA,NA,NA
"250710006-004","LBH25","25L0337","water",2025-07-08,1899-12-31 14:00:00,2025-07-10,1899-12-31 14:15:00,NA,1,2025-07-23,NA,NA,"lake_littoral","scrape",NA,"NYSDEC","1203DIA0822_DH_20250708T1400","Novello,Onion,Kraft",43.3070551127521,-74.7295565736351,"QAPP-WQM-0078_V24-1_Benthic-HABs","scrape",2025-07-08 14:00:00,"Lake Probability Sampling 2024-2025","QAPP-LCI-0001_V25-1_Statewide","1203DIA0822_DH","microscopy_dominant_taxa",NA,"fragilaria","250710006","not_applicable",NA,"UFI","1","not_provided","none","NYSDEC","not_provided","not_provided","not_provided",NA,NA,NA,"lab","not_provided","none","none",NA,"not_applicable","not_applicable","not_applicable",NA,NA,"not_applicable",NA,"not_provided","not_applicable",NA,NA,NA
"250710006-004","LBH25","25L0337","water",2025-07-08,1899-12-31 14:00:00,2025-07-10,1899-12-31 14:15:00,NA,1,2025-07-23,NA,NA,"lake_littoral","scrape",NA,"NYSDEC","1203DIA0822_DH_20250708T1400","Novello,Onion,Kraft",43.3070551127521,-74.7295565736351,"QAPP-WQM-0078_V24-1_Benthic-HABs","scrape",2025-07-08 14:00:00,"Lake Probability Sampling 2024-2025","QAPP-LCI-0001_V25-1_Statewide","1203DIA0822_DH","microscopy_dominant_taxa",NA,"coccoid greens","250710006","not_applicable",NA,"UFI","1","not_provided","none","NYSDEC","not_provided","not_provided","not_provided",NA,NA,NA,"lab","not_provided","none","none",NA,"not_applicable","not_applicable","not_applicable",NA,NA,"not_applicable",NA,"not_provided","not_applicable",NA,NA,NA
"250711002-003","LBH25","25L0340","water",2025-07-09,1899-12-31 15:00:00,2025-07-11,1899-12-31 11:32:00,NA,1,2025-07-23,NA,NA,"lake_littoral","scrape",NA,"NYSDEC","0903USA0296_DH_20250709T1500","Kraft,Onion,Novello",43.8666105440438,-74.5329019880589,"QAPP-WQM-0078_V24-1_Benthic-HABs","scrape",2025-07-09 15:00:00,"Lake Probability Sampling 2024-2025","QAPP-LCI-0001_V25-1_Statewide","0903USA0296_DH","microscopy_dominant_taxa",NA,"tabellaria","250711002","not_applicable",NA,"UFI","1","not_provided","none","NYSDEC","not_provided","not_provided","not_provided",NA,NA,NA,"lab","not_provided","none","none",NA,"not_applicable","not_applicable","not_applicable",NA,NA,"not_applicable",NA,"not_provided","not_applicable",NA,NA,NA
"250711002-003","LBH25","25L0340","water",2025-07-09,1899-12-31 15:00:00,2025-07-11,1899-12-31 11:32:00,NA,1,2025-07-23,NA,NA,"lake_littoral","scrape",NA,"NYSDEC","0903USA0296_DH_20250709T1500","Kraft,Onion,Novello",43.8666105440438,-74.5329019880589,"QAPP-WQM-0078_V24-1_Benthic-HABs","scrape",2025-07-09 15:00:00,"Lake Probability Sampling 2024-2025","QAPP-LCI-0001_V25-1_Statewide","0903USA0296_DH","microscopy_dominant_taxa",NA,"aphanocapsa","250711002","not_applicable",NA,"UFI","1","not_provided","none","NYSDEC","not_provided","not_provided","not_provided",NA,NA,NA,"lab","not_provided","none","none",NA,"not_applicable","not_applicable","not_applicable",NA,NA,"not_applicable",NA,"not_provided","not_applicable",NA,NA,NA
"250711002-003","LBH25","25L0340","water",2025-07-09,1899-12-31 15:00:00,2025-07-11,1899-12-31 11:32:00,NA,1,2025-07-23,NA,NA,"lake_littoral","scrape",NA,"NYSDEC","0903USA0296_DH_20250709T1500","Kraft,Onion,Novello",43.8666105440438,-74.5329019880589,"QAPP-WQM-0078_V24-1_Benthic-HABs","scrape",2025-07-09 15:00:00,"Lake Probability Sampling 2024-2025","QAPP-LCI-0001_V25-1_Statewide","0903USA0296_DH","microscopy_dominant_taxa",NA,"spirogyra","250711002","not_applicable",NA,"UFI","1","not_provided","none","NYSDEC","not_provided","not_provided","not_provided",NA,NA,NA,"lab","not_provided","none","none",NA,"not_applicable","not_applicable","not_applicable",NA,NA,"not_applicable",NA,"not_provided","not_applicable",NA,NA,NA
"250711002-006","LBH25","25L0343","water",2025-07-10,1899-12-31 13:00:00,2025-07-11,1899-12-31 11:32:00,NA,1,2025-07-23,NA,NA,"lake_littoral","scrape",NA,"NYSDEC","1203BUT0836_DH_20250710T1300","Novello,Onion",43.3664425385108,-74.9108143959182,"QAPP-WQM-0078_V24-1_Benthic-HABs","scrape",2025-07-10 13:00:00,"Lake Probability Sampling 2024-2025","QAPP-LCI-0001_V25-1_Statewide","1203BUT0836_DH","microscopy_dominant_taxa",NA,"scytonema","250711002","not_applicable",NA,"UFI","1","not_provided","none","NYSDEC","not_provided","not_provided","not_provided",NA,NA,NA,"lab","not_provided","none","none",NA,"not_applicable","not_applicable","not_applicable",NA,NA,"not_applicable",NA,"not_provided","not_applicable",NA,NA,NA
"250711002-006","LBH25","25L0343","water",2025-07-10,1899-12-31 13:00:00,2025-07-11,1899-12-31 11:32:00,NA,1,2025-07-23,NA,NA,"lake_littoral","scrape",NA,"NYSDEC","1203BUT0836_DH_20250710T1300","Novello,Onion",43.3664425385108,-74.9108143959182,"QAPP-WQM-0078_V24-1_Benthic-HABs","scrape",2025-07-10 13:00:00,"Lake Probability Sampling 2024-2025","QAPP-LCI-0001_V25-1_Statewide","1203BUT0836_DH","microscopy_dominant_taxa",NA,"pennate diatoms","250711002","not_applicable",NA,"UFI","1","not_provided","none","NYSDEC","not_provided","not_provided","not_provided",NA,NA,NA,"lab","not_provided","none","none",NA,"not_applicable","not_applicable","not_applicable",NA,NA,"not_applicable",NA,"not_provided","not_applicable",NA,NA,NA
"250717002-002","LCI25","25L0353","water",2025-07-15,1899-12-31 16:45:00,2025-07-17,1899-12-31 09:25:00,NA,1,2025-07-23,NA,NA,"lake_littoral","floating_mat",NA,"NYSDEC","0801WHI0958_DH_20250715T1645","Goodrich,Novello,Kraft",43.5435146223933,-75.1518698681987,"QAPP-WQM-0078_V24-1_Benthic-HABs","bottle",2025-07-15 16:45:00,"Lake Probability Sampling 2024-2025","QAPP-LCI-0001_V25-1_Statewide","0801WHI0958_DH","microscopy_dominant_taxa",NA,"oscillatoria","250717002","not_applicable",NA,"UFI","1","not_provided","none","NYSDEC","not_provided","not_provided","not_provided",NA,NA,NA,"lab","not_provided","none","none",NA,"not_applicable","not_applicable","not_applicable",NA,NA,"not_applicable",NA,"not_provided","not_applicable",NA,NA,NA
"250717002-002","LCI25","25L0353","water",2025-07-15,1899-12-31 16:45:00,2025-07-17,1899-12-31 09:25:00,NA,1,2025-07-23,NA,NA,"lake_littoral","floating_mat",NA,"NYSDEC","0801WHI0958_DH_20250715T1645","Goodrich,Novello,Kraft",43.5435146223933,-75.1518698681987,"QAPP-WQM-0078_V24-1_Benthic-HABs","bottle",2025-07-15 16:45:00,"Lake Probability Sampling 2024-2025","QAPP-LCI-0001_V25-1_Statewide","0801WHI0958_DH","microscopy_dominant_taxa",NA,"phormidium","250717002","not_applicable",NA,"UFI","1","not_provided","none","NYSDEC","not_provided","not_provided","not_provided",NA,NA,NA,"lab","not_provided","none","none",NA,"not_applicable","not_applicable","not_applicable",NA,NA,"not_applicable",NA,"not_provided","not_applicable",NA,NA,NA
"250717002-002","LCI25","25L0353","water",2025-07-15,1899-12-31 16:45:00,2025-07-17,1899-12-31 09:25:00,NA,1,2025-07-23,NA,NA,"lake_littoral","floating_mat",NA,"NYSDEC","0801WHI0958_DH_20250715T1645","Goodrich,Novello,Kraft",43.5435146223933,-75.1518698681987,"QAPP-WQM-0078_V24-1_Benthic-HABs","bottle",2025-07-15 16:45:00,"Lake Probability Sampling 2024-2025","QAPP-LCI-0001_V25-1_Statewide","0801WHI0958_DH","microscopy_dominant_taxa",NA,"tabellaria","250717002","not_applicable",NA,"UFI","1","not_provided","none","NYSDEC","not_provided","not_provided","not_provided",NA,NA,NA,"lab","not_provided","none","none",NA,"not_applicable","not_applicable","not_applicable",NA,NA,"not_applicable",NA,"not_provided","not_applicable",NA,NA,NA
"250717002-003","LCI25","25L0354","water",2025-07-15,1899-12-31 16:45:00,2025-07-17,1899-12-31 09:25:00,NA,1,2025-07-23,NA,NA,"lake_littoral","scrape",NA,"NYSDEC","0801WHI0958_DH_20250715T1645","Goodrich,Novello,Kraft",43.5435146223933,-75.1518698681987,"QAPP-WQM-0078_V24-1_Benthic-HABs","scrape",2025-07-15 16:45:00,"Lake Probability Sampling 2024-2025","QAPP-LCI-0001_V25-1_Statewide","0801WHI0958_DH","microscopy_dominant_taxa",NA,"spirogyra","250717002","not_applicable",NA,"UFI","1","not_provided","none","NYSDEC","not_provided","not_provided","not_provided",NA,NA,NA,"lab","not_provided","none","none",NA,"not_applicable","not_applicable","not_applicable",NA,NA,"not_applicable",NA,"not_provided","not_applicable",NA,NA,NA
"250717002-003","LCI25","25L0354","water",2025-07-15,1899-12-31 16:45:00,2025-07-17,1899-12-31 09:25:00,NA,1,2025-07-23,NA,NA,"lake_littoral","scrape",NA,"NYSDEC","0801WHI0958_DH_20250715T1645","Goodrich,Novello,Kraft",43.5435146223933,-75.1518698681987,"QAPP-WQM-0078_V24-1_Benthic-HABs","scrape",2025-07-15 16:45:00,"Lake Probability Sampling 2024-2025","QAPP-LCI-0001_V25-1_Statewide","0801WHI0958_DH","microscopy_dominant_taxa",NA,"phormidium","250717002","not_applicable",NA,"UFI","1","not_provided","none","NYSDEC","not_provided","not_provided","not_provided",NA,NA,NA,"lab","not_provided","none","none",NA,"not_applicable","not_applicable","not_applicable",NA,NA,"not_applicable",NA,"not_provided","not_applicable",NA,NA,NA
"250717002-003","LCI25","25L0354","water",2025-07-15,1899-12-31 16:45:00,2025-07-17,1899-12-31 09:25:00,NA,1,2025-07-23,NA,NA,"lake_littoral","scrape",NA,"NYSDEC","0801WHI0958_DH_20250715T1645","Goodrich,Novello,Kraft",43.5435146223933,-75.1518698681987,"QAPP-WQM-0078_V24-1_Benthic-HABs","scrape",2025-07-15 16:45:00,"Lake Probability Sampling 2024-2025","QAPP-LCI-0001_V25-1_Statewide","0801WHI0958_DH","microscopy_dominant_taxa",NA,"pennate diatoms","250717002","not_applicable",NA,"UFI","1","not_provided","none","NYSDEC","not_provided","not_provided","not_provided",NA,NA,NA,"lab","not_provided","none","none",NA,"not_applicable","not_applicable","not_applicable",NA,NA,"not_applicable",NA,"not_provided","not_applicable",NA,NA,NA
"250718001-003","LBH25","25L0357","water",2025-07-16,1899-12-31 15:15:00,2025-07-18,1899-12-31 09:54:00,NA,1,2025-07-23,NA,NA,"lake_littoral","scrape",NA,"NYSDEC","0801PEA0502_DH_20250716T1515","Goodrich,Novello,Kraft",43.9136324144667,-75.0038780560027,"QAPP-WQM-0078_V24-1_Benthic-HABs","scrape",2025-07-16 15:15:00,"Lake Probability Sampling 2024-2025","QAPP-LCI-0001_V25-1_Statewide","0801PEA0502_DH","microscopy_dominant_taxa",NA,"lyngbya","250718001","not_applicable",NA,"UFI","1","not_provided","none","NYSDEC","not_provided","not_provided","not_provided",NA,NA,NA,"lab","not_provided","none","none",NA,"not_applicable","not_applicable","not_applicable",NA,NA,"not_applicable",NA,"not_provided","not_applicable",NA,NA,NA
"250718001-003","LBH25","25L0357","water",2025-07-16,1899-12-31 15:15:00,2025-07-18,1899-12-31 09:54:00,NA,1,2025-07-23,NA,NA,"lake_littoral","scrape",NA,"NYSDEC","0801PEA0502_DH_20250716T1515","Goodrich,Novello,Kraft",43.9136324144667,-75.0038780560027,"QAPP-WQM-0078_V24-1_Benthic-HABs","scrape",2025-07-16 15:15:00,"Lake Probability Sampling 2024-2025","QAPP-LCI-0001_V25-1_Statewide","0801PEA0502_DH","microscopy_dominant_taxa",NA,"triploceras","250718001","not_applicable",NA,"UFI","1","not_provided","none","NYSDEC","not_provided","not_provided","not_provided",NA,NA,NA,"lab","not_provided","none","none",NA,"not_applicable","not_applicable","not_applicable",NA,NA,"not_applicable",NA,"not_provided","not_applicable",NA,NA,NA
"250718001-003","LBH25","25L0357","water",2025-07-16,1899-12-31 15:15:00,2025-07-18,1899-12-31 09:54:00,NA,1,2025-07-23,NA,NA,"lake_littoral","scrape",NA,"NYSDEC","0801PEA0502_DH_20250716T1515","Goodrich,Novello,Kraft",43.9136324144667,-75.0038780560027,"QAPP-WQM-0078_V24-1_Benthic-HABs","scrape",2025-07-16 15:15:00,"Lake Probability Sampling 2024-2025","QAPP-LCI-0001_V25-1_Statewide","0801PEA0502_DH","microscopy_dominant_taxa",NA,"pennate diatoms","250718001","not_applicable",NA,"UFI","1","not_provided","none","NYSDEC","not_provided","not_provided","not_provided",NA,NA,NA,"lab","not_provided","none","none",NA,"not_applicable","not_applicable","not_applicable",NA,NA,"not_applicable",NA,"not_provided","not_applicable",NA,NA,NA
"250718001-007","LBH25","25L0363","water",2025-07-17,1899-12-31 14:00:00,2025-07-18,1899-12-31 09:55:00,NA,1,2025-07-23,NA,NA,"lake_littoral","scrape",NA,"NYSDEC","0801SEV0787A_DH_20250717T1400","Goodrich,Novello,Kraft",43.745835464471,-74.7470078105593,"QAPP-WQM-0078_V24-1_Benthic-HABs","scrape",2025-07-17 14:00:00,"Lake Probability Sampling 2024-2025","QAPP-LCI-0001_V25-1_Statewide","0801SEV0787A_DH","microscopy_dominant_taxa",NA,"aphanocapsa","250718001","not_applicable",NA,"UFI","1","not_provided","none","NYSDEC","not_provided","not_provided","not_provided",NA,NA,NA,"lab","not_provided","none","none",NA,"not_applicable","not_applicable","not_applicable",NA,NA,"not_applicable",NA,"not_provided","not_applicable",NA,NA,NA
"250718001-007","LBH25","25L0363","water",2025-07-17,1899-12-31 14:00:00,2025-07-18,1899-12-31 09:55:00,NA,1,2025-07-23,NA,NA,"lake_littoral","scrape",NA,"NYSDEC","0801SEV0787A_DH_20250717T1400","Goodrich,Novello,Kraft",43.745835464471,-74.7470078105593,"QAPP-WQM-0078_V24-1_Benthic-HABs","scrape",2025-07-17 14:00:00,"Lake Probability Sampling 2024-2025","QAPP-LCI-0001_V25-1_Statewide","0801SEV0787A_DH","microscopy_dominant_taxa",NA,"bulbochaete","250718001","not_applicable",NA,"UFI","1","not_provided","none","NYSDEC","not_provided","not_provided","not_provided",NA,NA,NA,"lab","not_provided","none","none",NA,"not_applicable","not_applicable","not_applicable",NA,NA,"not_applicable",NA,"not_provided","not_applicable",NA,NA,NA
"250718001-007","LBH25","25L0363","water",2025-07-17,1899-12-31 14:00:00,2025-07-18,1899-12-31 09:55:00,NA,1,2025-07-23,NA,NA,"lake_littoral","scrape",NA,"NYSDEC","0801SEV0787A_DH_20250717T1400","Goodrich,Novello,Kraft",43.745835464471,-74.7470078105593,"QAPP-WQM-0078_V24-1_Benthic-HABs","scrape",2025-07-17 14:00:00,"Lake Probability Sampling 2024-2025","QAPP-LCI-0001_V25-1_Statewide","0801SEV0787A_DH","microscopy_dominant_taxa",NA,"pennate diatoms","250718001","not_applicable",NA,"UFI","1","not_provided","none","NYSDEC","not_provided","not_provided","not_provided",NA,NA,NA,"lab","not_provided","none","none",NA,"not_applicable","not_applicable","not_applicable",NA,NA,"not_applicable",NA,"not_provided","not_applicable",NA,NA,NA
"250723006-003","LBH25","25L0375","water",2025-07-22,1899-12-31 11:15:00,2025-07-23,1899-12-31 17:15:00,NA,15,2025-08-01,NA,NA,"lake_littoral","scrape",NA,"NYSDEC","1201NIN0719_DH_20250722T1115","Kraft,Onion,Goodrich,Rebecca Gorney",43.1934208321021,-74.5512038890889,"QAPP-WQM-0078_V24-1_Benthic-HABs","scrape",2025-07-22 11:15:00,"Lake Probability Sampling 2024-2025","QAPP-LCI-0001_V25-1_Statewide","1201NIN0719_DH","microscopy_dominant_taxa",NA,"zygnema","250723006","not_applicable",NA,"UFI","1","not_provided","none","NYSDEC","not_provided","not_provided","not_provided",NA,NA,NA,"lab","not_provided","none","none",NA,"not_applicable","not_applicable","not_applicable",NA,NA,"not_applicable",NA,"not_provided","not_applicable",NA,NA,NA
"250723006-003","LBH25","25L0375","water",2025-07-22,1899-12-31 11:15:00,2025-07-23,1899-12-31 17:15:00,NA,15,2025-08-01,NA,NA,"lake_littoral","scrape",NA,"NYSDEC","1201NIN0719_DH_20250722T1115","Kraft,Onion,Goodrich,Rebecca Gorney",43.1934208321021,-74.5512038890889,"QAPP-WQM-0078_V24-1_Benthic-HABs","scrape",2025-07-22 11:15:00,"Lake Probability Sampling 2024-2025","QAPP-LCI-0001_V25-1_Statewide","1201NIN0719_DH","microscopy_dominant_taxa",NA,"scytonema","250723006","not_applicable",NA,"UFI","1","not_provided","none","NYSDEC","not_provided","not_provided","not_provided",NA,NA,NA,"lab","not_provided","none","none",NA,"not_applicable","not_applicable","not_applicable",NA,NA,"not_applicable",NA,"not_provided","not_applicable",NA,NA,NA
"250723006-003","LBH25","25L0375","water",2025-07-22,1899-12-31 11:15:00,2025-07-23,1899-12-31 17:15:00,NA,15,2025-08-01,NA,NA,"lake_littoral","scrape",NA,"NYSDEC","1201NIN0719_DH_20250722T1115","Kraft,Onion,Goodrich,Rebecca Gorney",43.1934208321021,-74.5512038890889,"QAPP-WQM-0078_V24-1_Benthic-HABs","scrape",2025-07-22 11:15:00,"Lake Probability Sampling 2024-2025","QAPP-LCI-0001_V25-1_Statewide","1201NIN0719_DH","microscopy_dominant_taxa",NA,"pennate diatoms","250723006","not_applicable",NA,"UFI","1","not_provided","none","NYSDEC","not_provided","not_provided","not_provided",NA,NA,NA,"lab","not_provided","none","none",NA,"not_applicable","not_applicable","not_applicable",NA,NA,"not_applicable",NA,"not_provided","not_applicable",NA,NA,NA
"250723006-009","LBH25","25L0380","water",2025-07-23,1899-12-31 13:30:00,2025-07-23,1899-12-31 17:15:00,NA,15,2025-08-01,NA,NA,"lake_littoral","floating_mat",NA,"NYSDEC","0703PLE0019_DH_20250723T1330","Onion,Goodrich",43.236614174217,-76.2242280064589,"QAPP-WQM-0078_V24-1_Benthic-HABs","bottle",2025-07-23 13:30:00,"Lake Probability Sampling 2024-2025","QAPP-LCI-0001_V25-1_Statewide","0703PLE0019_DH","microscopy_dominant_taxa",NA,"closterium","250723006","not_applicable",NA,"UFI","1","not_provided","none","NYSDEC","not_provided","not_provided","not_provided",NA,NA,NA,"lab","not_provided","none","none",NA,"not_applicable","not_applicable","not_applicable",NA,NA,"not_applicable",NA,"not_provided","not_applicable",NA,NA,NA
"250723006-009","LBH25","25L0380","water",2025-07-23,1899-12-31 13:30:00,2025-07-23,1899-12-31 17:15:00,NA,15,2025-08-01,NA,NA,"lake_littoral","floating_mat",NA,"NYSDEC","0703PLE0019_DH_20250723T1330","Onion,Goodrich",43.236614174217,-76.2242280064589,"QAPP-WQM-0078_V24-1_Benthic-HABs","bottle",2025-07-23 13:30:00,"Lake Probability Sampling 2024-2025","QAPP-LCI-0001_V25-1_Statewide","0703PLE0019_DH","microscopy_dominant_taxa",NA,"phormidium","250723006","not_applicable",NA,"UFI","1","not_provided","none","NYSDEC","not_provided","not_provided","not_provided",NA,NA,NA,"lab","not_provided","none","none",NA,"not_applicable","not_applicable","not_applicable",NA,NA,"not_applicable",NA,"not_provided","not_applicable",NA,NA,NA
"250723006-009","LBH25","25L0380","water",2025-07-23,1899-12-31 13:30:00,2025-07-23,1899-12-31 17:15:00,NA,15,2025-08-01,NA,NA,"lake_littoral","floating_mat",NA,"NYSDEC","0703PLE0019_DH_20250723T1330","Onion,Goodrich",43.236614174217,-76.2242280064589,"QAPP-WQM-0078_V24-1_Benthic-HABs","bottle",2025-07-23 13:30:00,"Lake Probability Sampling 2024-2025","QAPP-LCI-0001_V25-1_Statewide","0703PLE0019_DH","microscopy_dominant_taxa",NA,"spirulina","250723006","not_applicable",NA,"UFI","1","not_provided","none","NYSDEC","not_provided","not_provided","not_provided",NA,NA,NA,"lab","not_provided","none","none",NA,"not_applicable","not_applicable","not_applicable",NA,NA,"not_applicable",NA,"not_provided","not_applicable",NA,NA,NA
"250723006-010","LBH25","25L0381","water",2025-07-23,1899-12-31 13:30:00,2025-07-23,1899-12-31 17:15:00,NA,1,2025-07-28,NA,NA,"lake_littoral","scrape",NA,"NYSDEC","0703PLE0019_DH_20250723T1330","Onion,Goodrich",43.236614174217,-76.2242280064589,"QAPP-WQM-0078_V24-1_Benthic-HABs","scrape",2025-07-23 13:30:00,"Lake Probability Sampling 2024-2025","QAPP-LCI-0001_V25-1_Statewide","0703PLE0019_DH","microscopy_dominant_taxa",NA,"closterium","250723006","not_applicable",NA,"UFI","1","not_provided","none","NYSDEC","not_provided","not_provided","not_provided",NA,NA,NA,"lab","not_provided","none","none",NA,"not_applicable","not_applicable","not_applicable",NA,NA,"not_applicable",NA,"not_provided","not_applicable",NA,NA,NA
"250723006-010","LBH25","25L0381","water",2025-07-23,1899-12-31 13:30:00,2025-07-23,1899-12-31 17:15:00,NA,1,2025-07-28,NA,NA,"lake_littoral","scrape",NA,"NYSDEC","0703PLE0019_DH_20250723T1330","Onion,Goodrich",43.236614174217,-76.2242280064589,"QAPP-WQM-0078_V24-1_Benthic-HABs","scrape",2025-07-23 13:30:00,"Lake Probability Sampling 2024-2025","QAPP-LCI-0001_V25-1_Statewide","0703PLE0019_DH","microscopy_dominant_taxa",NA,"aphanocapsa","250723006","not_applicable",NA,"UFI","1","not_provided","none","NYSDEC","not_provided","not_provided","not_provided",NA,NA,NA,"lab","not_provided","none","none",NA,"not_applicable","not_applicable","not_applicable",NA,NA,"not_applicable",NA,"not_provided","not_applicable",NA,NA,NA
"250723006-010","LBH25","25L0381","water",2025-07-23,1899-12-31 13:30:00,2025-07-23,1899-12-31 17:15:00,NA,1,2025-07-28,NA,NA,"lake_littoral","scrape",NA,"NYSDEC","0703PLE0019_DH_20250723T1330","Onion,Goodrich",43.236614174217,-76.2242280064589,"QAPP-WQM-0078_V24-1_Benthic-HABs","scrape",2025-07-23 13:30:00,"Lake Probability Sampling 2024-2025","QAPP-LCI-0001_V25-1_Statewide","0703PLE0019_DH","microscopy_dominant_taxa",NA,"coccoid greens","250723006","not_applicable",NA,"UFI","1","not_provided","none","NYSDEC","not_provided","not_provided","not_provided",NA,NA,NA,"lab","not_provided","none","none",NA,"not_applicable","not_applicable","not_applicable",NA,NA,"not_applicable",NA,"not_provided","not_applicable",NA,NA,NA
"250725002-002","LBH25","25L0384","water",2025-07-24,1899-12-31 12:45:00,2025-07-25,1899-12-31 12:11:00,NA,1,2025-07-28,NA,NA,"lake_littoral","scrape",NA,"NYSDEC","1201WHE0949_DH_20250724T1245","Onion,Goodrich",42.9809486322785,-75.1434905811297,"QAPP-WQM-0078_V24-1_Benthic-HABs","scrape",2025-07-24 12:45:00,"Lake Probability Sampling 2024-2025","QAPP-LCI-0001_V25-1_Statewide","1201WHE0949_DH","microscopy_dominant_taxa",NA,"stigeoclonium","250725002","not_applicable",NA,"UFI","1","not_provided","none","NYSDEC","not_provided","not_provided","not_provided",NA,NA,NA,"lab","not_provided","none","none",NA,"not_applicable","not_applicable","not_applicable",NA,NA,"not_applicable",NA,"not_provided","not_applicable",NA,NA,NA
"250725002-002","LBH25","25L0384","water",2025-07-24,1899-12-31 12:45:00,2025-07-25,1899-12-31 12:11:00,NA,1,2025-07-28,NA,NA,"lake_littoral","scrape",NA,"NYSDEC","1201WHE0949_DH_20250724T1245","Onion,Goodrich",42.9809486322785,-75.1434905811297,"QAPP-WQM-0078_V24-1_Benthic-HABs","scrape",2025-07-24 12:45:00,"Lake Probability Sampling 2024-2025","QAPP-LCI-0001_V25-1_Statewide","1201WHE0949_DH","microscopy_dominant_taxa",NA,"pennate diatoms","250725002","not_applicable",NA,"UFI","1","not_provided","none","NYSDEC","not_provided","not_provided","not_provided",NA,NA,NA,"lab","not_provided","none","none",NA,"not_applicable","not_applicable","not_applicable",NA,NA,"not_applicable",NA,"not_provided","not_applicable",NA,NA,NA
"250725002-002","LBH25","25L0384","water",2025-07-24,1899-12-31 12:45:00,2025-07-25,1899-12-31 12:11:00,NA,1,2025-07-28,NA,NA,"lake_littoral","scrape",NA,"NYSDEC","1201WHE0949_DH_20250724T1245","Onion,Goodrich",42.9809486322785,-75.1434905811297,"QAPP-WQM-0078_V24-1_Benthic-HABs","scrape",2025-07-24 12:45:00,"Lake Probability Sampling 2024-2025","QAPP-LCI-0001_V25-1_Statewide","1201WHE0949_DH","microscopy_dominant_taxa",NA,"akistrodesmus","250725002","not_applicable",NA,"UFI","1","not_provided","none","NYSDEC","not_provided","not_provided","not_provided",NA,NA,NA,"lab","not_provided","none","none",NA,"not_applicable","not_applicable","not_applicable",NA,NA,"not_applicable",NA,"not_provided","not_applicable",NA,NA,NA
"250730001-002","LBH25","25L0396","water",2025-07-29,1899-12-31 12:15:00,2025-07-30,1899-12-31 10:12:00,NA,1,2025-08-01,NA,NA,"lake_littoral","scrape",NA,"NYSDEC","0602BEA5495_DH_20250729T1215","Novello,Goodrich,Alvarez_del_castillo",42.4115517204503,-76.1208594766543,"QAPP-WQM-0078_V24-1_Benthic-HABs","scrape",2025-07-29 12:15:00,"Lake Probability Sampling 2024-2025","QAPP-LCI-0001_V25-1_Statewide","0602BEA5495_DH","microscopy_dominant_taxa",NA,"phormidium","250730001","not_applicable",NA,"UFI","1","not_provided","none","NYSDEC","not_provided","not_provided","not_provided",NA,NA,NA,"lab","not_provided","none","none",NA,"not_applicable","not_applicable","not_applicable",NA,NA,"not_applicable",NA,"not_provided","not_applicable",NA,NA,NA
"250730001-002","LBH25","25L0396","water",2025-07-29,1899-12-31 12:15:00,2025-07-30,1899-12-31 10:12:00,NA,1,2025-08-01,NA,NA,"lake_littoral","scrape",NA,"NYSDEC","0602BEA5495_DH_20250729T1215","Novello,Goodrich,Alvarez_del_castillo",42.4115517204503,-76.1208594766543,"QAPP-WQM-0078_V24-1_Benthic-HABs","scrape",2025-07-29 12:15:00,"Lake Probability Sampling 2024-2025","QAPP-LCI-0001_V25-1_Statewide","0602BEA5495_DH","microscopy_dominant_taxa",NA,"dolichospermum","250730001","not_applicable",NA,"UFI","1","not_provided","none","NYSDEC","not_provided","not_provided","not_provided",NA,NA,NA,"lab","not_provided","none","none",NA,"not_applicable","not_applicable","not_applicable",NA,NA,"not_applicable",NA,"not_provided","not_applicable",NA,NA,NA
"250730001-002","LBH25","25L0396","water",2025-07-29,1899-12-31 12:15:00,2025-07-30,1899-12-31 10:12:00,NA,1,2025-08-01,NA,NA,"lake_littoral","scrape",NA,"NYSDEC","0602BEA5495_DH_20250729T1215","Novello,Goodrich,Alvarez_del_castillo",42.4115517204503,-76.1208594766543,"QAPP-WQM-0078_V24-1_Benthic-HABs","scrape",2025-07-29 12:15:00,"Lake Probability Sampling 2024-2025","QAPP-LCI-0001_V25-1_Statewide","0602BEA5495_DH","microscopy_dominant_taxa",NA,"pennate diatoms","250730001","not_applicable",NA,"UFI","1","not_provided","none","NYSDEC","not_provided","not_provided","not_provided",NA,NA,NA,"lab","not_provided","none","none",NA,"not_applicable","not_applicable","not_applicable",NA,NA,"not_applicable",NA,"not_provided","not_applicable",NA,NA,NA
"250801001-002","LBH25","25L0399","water",2025-07-30,1899-12-31 11:30:00,2025-08-01,1899-12-31 11:58:00,NA,1,2025-08-06,NA,NA,"lake_littoral","scrape",NA,"NYSDEC","0705JEN0349_DH_20250730T1130","Goodrich,Alvarez_del_castillo,Novello",42.3453960137581,-76.4868414599392,"QAPP-WQM-0078_V24-1_Benthic-HABs","scrape",2025-07-30 11:30:00,"Lake Probability Sampling 2024-2025","QAPP-LCI-0001_V25-1_Statewide","0705JEN0349_DH","microscopy_dominant_taxa",NA,"oscillatoria","250801001","not_applicable",NA,"UFI","1","not_provided","none","NYSDEC","not_provided","not_provided","not_provided",NA,NA,NA,"lab","not_provided","none","none",NA,"not_applicable","not_applicable","not_applicable",NA,NA,"not_applicable",NA,"not_provided","not_applicable",NA,NA,NA
"250801001-002","LBH25","25L0399","water",2025-07-30,1899-12-31 11:30:00,2025-08-01,1899-12-31 11:58:00,NA,1,2025-08-06,NA,NA,"lake_littoral","scrape",NA,"NYSDEC","0705JEN0349_DH_20250730T1130","Goodrich,Alvarez_del_castillo,Novello",42.3453960137581,-76.4868414599392,"QAPP-WQM-0078_V24-1_Benthic-HABs","scrape",2025-07-30 11:30:00,"Lake Probability Sampling 2024-2025","QAPP-LCI-0001_V25-1_Statewide","0705JEN0349_DH","microscopy_dominant_taxa",NA,"phormidium","250801001","not_applicable",NA,"UFI","1","not_provided","none","NYSDEC","not_provided","not_provided","not_provided",NA,NA,NA,"lab","not_provided","none","none",NA,"not_applicable","not_applicable","not_applicable",NA,NA,"not_applicable",NA,"not_provided","not_applicable",NA,NA,NA
"250801001-002","LBH25","25L0399","water",2025-07-30,1899-12-31 11:30:00,2025-08-01,1899-12-31 11:58:00,NA,1,2025-08-06,NA,NA,"lake_littoral","scrape",NA,"NYSDEC","0705JEN0349_DH_20250730T1130","Goodrich,Alvarez_del_castillo,Novello",42.3453960137581,-76.4868414599392,"QAPP-WQM-0078_V24-1_Benthic-HABs","scrape",2025-07-30 11:30:00,"Lake Probability Sampling 2024-2025","QAPP-LCI-0001_V25-1_Statewide","0705JEN0349_DH","microscopy_dominant_taxa",NA,"pennate diatoms","250801001","not_applicable",NA,"UFI","1","not_provided","none","NYSDEC","not_provided","not_provided","not_provided",NA,NA,NA,"lab","not_provided","none","none",NA,"not_applicable","not_applicable","not_applicable",NA,NA,"not_applicable",NA,"not_provided","not_applicable",NA,NA,NA
"250801001-005","LBH25","25L0402","water",2025-07-31,1899-12-31 11:30:00,2025-08-01,1899-12-31 11:58:00,NA,1,2025-08-06,NA,NA,"lake_littoral","scrape",NA,"NYSDEC","0602PER0044A_DH_20250731T1130","Goodrich,Novello",42.6345555084091,-75.7486062147911,"QAPP-WQM-0078_V24-1_Benthic-HABs","scrape",2025-07-31 11:30:00,"Lake Probability Sampling 2024-2025","QAPP-LCI-0001_V25-1_Statewide","0602PER0044A_DH","microscopy_dominant_taxa",NA,"spirogyra","250801001","not_applicable",NA,"UFI","1","not_provided","none","NYSDEC","not_provided","not_provided","not_provided",NA,NA,NA,"lab","not_provided","none","none",NA,"not_applicable","not_applicable","not_applicable",NA,NA,"not_applicable",NA,"not_provided","not_applicable",NA,NA,NA
"250801001-005","LBH25","25L0402","water",2025-07-31,1899-12-31 11:30:00,2025-08-01,1899-12-31 11:58:00,NA,1,2025-08-06,NA,NA,"lake_littoral","scrape",NA,"NYSDEC","0602PER0044A_DH_20250731T1130","Goodrich,Novello",42.6345555084091,-75.7486062147911,"QAPP-WQM-0078_V24-1_Benthic-HABs","scrape",2025-07-31 11:30:00,"Lake Probability Sampling 2024-2025","QAPP-LCI-0001_V25-1_Statewide","0602PER0044A_DH","microscopy_dominant_taxa",NA,"tolypothrix","250801001","not_applicable",NA,"UFI","1","not_provided","none","NYSDEC","not_provided","not_provided","not_provided",NA,NA,NA,"lab","not_provided","none","none",NA,"not_applicable","not_applicable","not_applicable",NA,NA,"not_applicable",NA,"not_provided","not_applicable",NA,NA,NA
"250801001-005","LBH25","25L0402","water",2025-07-31,1899-12-31 11:30:00,2025-08-01,1899-12-31 11:58:00,NA,1,2025-08-06,NA,NA,"lake_littoral","scrape",NA,"NYSDEC","0602PER0044A_DH_20250731T1130","Goodrich,Novello",42.6345555084091,-75.7486062147911,"QAPP-WQM-0078_V24-1_Benthic-HABs","scrape",2025-07-31 11:30:00,"Lake Probability Sampling 2024-2025","QAPP-LCI-0001_V25-1_Statewide","0602PER0044A_DH","microscopy_dominant_taxa",NA,"filamentous green","250801001","not_applicable",NA,"UFI","1","not_provided","none","NYSDEC","not_provided","not_provided","not_provided",NA,NA,NA,"lab","not_provided","none","none",NA,"not_applicable","not_applicable","not_applicable",NA,NA,"not_applicable",NA,"not_provided","not_applicable",NA,NA,NA
"250813001-003","LBH25","25L0438","water",2025-08-12,NA,2025-08-13,1899-12-31 09:22:00,NA,1,2025-08-14,NA,NA,"lake_littoral","scrape",NA,"NYSDEC","1601UWB1129_DH_20250812T1100","Onion,Goodrich,Kraft",41.8809449222062,-73.5245014512678,"QAPP-WQM-0078_V24-1_Benthic-HABs","scrape",2025-08-12 11:00:00,"Lake Probability Sampling 2024-2025","QAPP-LCI-0001_V25-1_Statewide","1601UWB1129_DH","microscopy_dominant_taxa",NA,"penate diatoms","250813001","not_applicable",NA,"UFI","1","not_provided","none","NYSDEC","not_provided","not_provided","not_provided",NA,NA,NA,"lab","not_provided","none","none",NA,"not_applicable","not_applicable","not_applicable",NA,NA,"not_applicable",NA,"not_provided","not_applicable",NA,NA,NA
"250813001-003","LBH25","25L0438","water",2025-08-12,NA,2025-08-13,1899-12-31 09:22:00,NA,1,2025-08-14,NA,NA,"lake_littoral","scrape",NA,"NYSDEC","1601UWB1129_DH_20250812T1100","Onion,Goodrich,Kraft",41.8809449222062,-73.5245014512678,"QAPP-WQM-0078_V24-1_Benthic-HABs","scrape",2025-08-12 11:00:00,"Lake Probability Sampling 2024-2025","QAPP-LCI-0001_V25-1_Statewide","1601UWB1129_DH","microscopy_dominant_taxa",NA,"oscillatoria","250813001","not_applicable",NA,"UFI","1","not_provided","none","NYSDEC","not_provided","not_provided","not_provided",NA,NA,NA,"lab","not_provided","none","none",NA,"not_applicable","not_applicable","not_applicable",NA,NA,"not_applicable",NA,"not_provided","not_applicable",NA,NA,NA
"250813001-003","LBH25","25L0438","water",2025-08-12,NA,2025-08-13,1899-12-31 09:22:00,NA,1,2025-08-14,NA,NA,"lake_littoral","scrape",NA,"NYSDEC","1601UWB1129_DH_20250812T1100","Onion,Goodrich,Kraft",41.8809449222062,-73.5245014512678,"QAPP-WQM-0078_V24-1_Benthic-HABs","scrape",2025-08-12 11:00:00,"Lake Probability Sampling 2024-2025","QAPP-LCI-0001_V25-1_Statewide","1601UWB1129_DH","microscopy_dominant_taxa",NA,"microcystis","250813001","not_applicable",NA,"UFI","1","not_provided","none","NYSDEC","not_provided","not_provided","not_provided",NA,NA,NA,"lab","not_provided","none","none",NA,"not_applicable","not_applicable","not_applicable",NA,NA,"not_applicable",NA,"not_provided","not_applicable",NA,NA,NA
"250815001-005","LBH25","25L0444","water",2025-08-13,1899-12-31 12:45:00,2025-08-15,1899-12-31 11:11:00,NA,1,2025-08-18,NA,NA,"lake_littoral","scrape",NA,"NYSDEC","1401WHI0117_DH_20250813T1245","Onion,Goodrich,Kraft",41.6779568181479,-74.8348842103041,"QAPP-WQM-0078_V24-1_Benthic-HABs","scrape",2025-08-13 12:45:00,"Lake Probability Sampling 2024-2025","QAPP-LCI-0001_V25-1_Statewide","1401WHI0117_DH","microscopy_dominant_taxa",NA,"dolichospermum","250815001","not_applicable",NA,"UFI","1","not_provided","none","NYSDEC","not_provided","not_provided","not_provided",NA,NA,NA,"lab","not_provided","none","none",NA,"not_applicable","not_applicable","not_applicable",NA,NA,"not_applicable",NA,"not_provided","not_applicable",NA,NA,NA
"250815001-005","LBH25","25L0444","water",2025-08-13,1899-12-31 12:45:00,2025-08-15,1899-12-31 11:11:00,NA,1,2025-08-18,NA,NA,"lake_littoral","scrape",NA,"NYSDEC","1401WHI0117_DH_20250813T1245","Onion,Goodrich,Kraft",41.6779568181479,-74.8348842103041,"QAPP-WQM-0078_V24-1_Benthic-HABs","scrape",2025-08-13 12:45:00,"Lake Probability Sampling 2024-2025","QAPP-LCI-0001_V25-1_Statewide","1401WHI0117_DH","microscopy_dominant_taxa",NA,"phormidium","250815001","not_applicable",NA,"UFI","1","not_provided","none","NYSDEC","not_provided","not_provided","not_provided",NA,NA,NA,"lab","not_provided","none","none",NA,"not_applicable","not_applicable","not_applicable",NA,NA,"not_applicable",NA,"not_provided","not_applicable",NA,NA,NA
"250815001-005","LBH25","25L0444","water",2025-08-13,1899-12-31 12:45:00,2025-08-15,1899-12-31 11:11:00,NA,1,2025-08-18,NA,NA,"lake_littoral","scrape",NA,"NYSDEC","1401WHI0117_DH_20250813T1245","Onion,Goodrich,Kraft",41.6779568181479,-74.8348842103041,"QAPP-WQM-0078_V24-1_Benthic-HABs","scrape",2025-08-13 12:45:00,"Lake Probability Sampling 2024-2025","QAPP-LCI-0001_V25-1_Statewide","1401WHI0117_DH","microscopy_dominant_taxa",NA,"coccoid greens","250815001","not_applicable",NA,"UFI","1","not_provided","none","NYSDEC","not_provided","not_provided","not_provided",NA,NA,NA,"lab","not_provided","none","none",NA,"not_applicable","not_applicable","not_applicable",NA,NA,"not_applicable",NA,"not_provided","not_applicable",NA,NA,NA
"250815001-008","LBH25","25L0447","water",2025-08-14,1899-12-31 10:30:00,2025-08-15,1899-12-31 11:11:00,NA,1,2025-08-18,NA,NA,"lake_littoral","scrape",NA,"NYSDEC","0603UWB5167_DH_20250814T1030","Kraft,Goodrich,Onion",42.0391654026611,-75.8383486524949,"QAPP-WQM-0078_V24-1_Benthic-HABs","scrape",2025-08-14 10:30:00,"Lake Probability Sampling 2024-2025","QAPP-LCI-0001_V25-1_Statewide","0603UWB5167_DH","microscopy_dominant_taxa",NA,"spirogyra","250815001","not_applicable",NA,"UFI","1","not_provided","none","NYSDEC","not_provided","not_provided","not_provided",NA,NA,NA,"lab","not_provided","none","none",NA,"not_applicable","not_applicable","not_applicable",NA,NA,"not_applicable",NA,"not_provided","not_applicable",NA,NA,NA
"250815001-008","LBH25","25L0447","water",2025-08-14,1899-12-31 10:30:00,2025-08-15,1899-12-31 11:11:00,NA,1,2025-08-18,NA,NA,"lake_littoral","scrape",NA,"NYSDEC","0603UWB5167_DH_20250814T1030","Kraft,Goodrich,Onion",42.0391654026611,-75.8383486524949,"QAPP-WQM-0078_V24-1_Benthic-HABs","scrape",2025-08-14 10:30:00,"Lake Probability Sampling 2024-2025","QAPP-LCI-0001_V25-1_Statewide","0603UWB5167_DH","microscopy_dominant_taxa",NA,"phormidium","250815001","not_applicable",NA,"UFI","1","not_provided","none","NYSDEC","not_provided","not_provided","not_provided",NA,NA,NA,"lab","not_provided","none","none",NA,"not_applicable","not_applicable","not_applicable",NA,NA,"not_applicable",NA,"not_provided","not_applicable",NA,NA,NA
"250815001-008","LBH25","25L0447","water",2025-08-14,1899-12-31 10:30:00,2025-08-15,1899-12-31 11:11:00,NA,1,2025-08-18,NA,NA,"lake_littoral","scrape",NA,"NYSDEC","0603UWB5167_DH_20250814T1030","Kraft,Goodrich,Onion",42.0391654026611,-75.8383486524949,"QAPP-WQM-0078_V24-1_Benthic-HABs","scrape",2025-08-14 10:30:00,"Lake Probability Sampling 2024-2025","QAPP-LCI-0001_V25-1_Statewide","0603UWB5167_DH","microscopy_dominant_taxa",NA,"rivularia","250815001","not_applicable",NA,"UFI","1","not_provided","none","NYSDEC","not_provided","not_provided","not_provided",NA,NA,NA,"lab","not_provided","none","none",NA,"not_applicable","not_applicable","not_applicable",NA,NA,"not_applicable",NA,"not_provided","not_applicable",NA,NA,NA
"258021003-002","LBH25","25L0480","water",2025-08-19,1899-12-31 17:15:00,2025-08-21,1899-12-31 10:16:00,NA,1,2025-08-21,NA,NA,"lake_littoral","scrape",NA,"NYSDEC","0303LAK1031_DH_20250819T1715","Kraft,Novello,Latarte",43.7494345476816,-76.2072271842133,"QAPP-WQM-0078_V24-1_Benthic-HABs","scrape",2025-08-19 17:15:00,"Lake Probability Sampling 2024-2025","QAPP-LCI-0001_V25-1_Statewide","0303LAK1031_DH","microscopy_dominant_taxa",NA,"rivularia","258021003","not_applicable",NA,"UFI","1","not_provided","none","NYSDEC","not_provided","not_provided","not_provided",NA,NA,NA,"lab","not_provided","none","none",NA,"not_applicable","not_applicable","not_applicable",NA,NA,"not_applicable",NA,"not_provided","not_applicable",NA,NA,NA
"258021003-002","LBH25","25L0480","water",2025-08-19,1899-12-31 17:15:00,2025-08-21,1899-12-31 10:16:00,NA,1,2025-08-21,NA,NA,"lake_littoral","scrape",NA,"NYSDEC","0303LAK1031_DH_20250819T1715","Kraft,Novello,Latarte",43.7494345476816,-76.2072271842133,"QAPP-WQM-0078_V24-1_Benthic-HABs","scrape",2025-08-19 17:15:00,"Lake Probability Sampling 2024-2025","QAPP-LCI-0001_V25-1_Statewide","0303LAK1031_DH","microscopy_dominant_taxa",NA,"mougeotia","258021003","not_applicable",NA,"UFI","1","not_provided","none","NYSDEC","not_provided","not_provided","not_provided",NA,NA,NA,"lab","not_provided","none","none",NA,"not_applicable","not_applicable","not_applicable",NA,NA,"not_applicable",NA,"not_provided","not_applicable",NA,NA,NA
"258021003-002","LBH25","25L0480","water",2025-08-19,1899-12-31 17:15:00,2025-08-21,1899-12-31 10:16:00,NA,1,2025-08-21,NA,NA,"lake_littoral","scrape",NA,"NYSDEC","0303LAK1031_DH_20250819T1715","Kraft,Novello,Latarte",43.7494345476816,-76.2072271842133,"QAPP-WQM-0078_V24-1_Benthic-HABs","scrape",2025-08-19 17:15:00,"Lake Probability Sampling 2024-2025","QAPP-LCI-0001_V25-1_Statewide","0303LAK1031_DH","microscopy_dominant_taxa",NA,"lyngbya","258021003","not_applicable",NA,"UFI","1","not_provided","none","NYSDEC","not_provided","not_provided","not_provided",NA,NA,NA,"lab","not_provided","none","none",NA,"not_applicable","not_applicable","not_applicable",NA,NA,"not_applicable",NA,"not_provided","not_applicable",NA,NA,NA
"250822002-004","LBH25","25L0486","water",2025-08-20,1899-12-31 12:30:00,2025-08-22,1899-12-31 10:45:00,NA,1,2025-08-29,NA,NA,"lake_littoral","scrape",NA,"NYSDEC","0905LON0237_DH_20250820T1230","Kraft,Novello,Latarte",43.980939803197,-75.1942118921736,"QAPP-WQM-0078_V24-1_Benthic-HABs","scrape",2025-08-20 12:30:00,"Lake Probability Sampling 2024-2025","QAPP-LCI-0001_V25-1_Statewide","0905LON0237_DH","microscopy_dominant_taxa",NA,"spirogyra","250822002","not_applicable",NA,"UFI","1","not_provided","none","NYSDEC","not_provided","not_provided","not_provided",NA,NA,NA,"lab","not_provided","none","none",NA,"not_applicable","not_applicable","not_applicable",NA,NA,"not_applicable",NA,"not_provided","not_applicable",NA,NA,NA
"250822002-004","LBH25","25L0486","water",2025-08-20,1899-12-31 12:30:00,2025-08-22,1899-12-31 10:45:00,NA,1,2025-08-29,NA,NA,"lake_littoral","scrape",NA,"NYSDEC","0905LON0237_DH_20250820T1230","Kraft,Novello,Latarte",43.980939803197,-75.1942118921736,"QAPP-WQM-0078_V24-1_Benthic-HABs","scrape",2025-08-20 12:30:00,"Lake Probability Sampling 2024-2025","QAPP-LCI-0001_V25-1_Statewide","0905LON0237_DH","microscopy_dominant_taxa",NA,"phormidium","250822002","not_applicable",NA,"UFI","1","not_provided","none","NYSDEC","not_provided","not_provided","not_provided",NA,NA,NA,"lab","not_provided","none","none",NA,"not_applicable","not_applicable","not_applicable",NA,NA,"not_applicable",NA,"not_provided","not_applicable",NA,NA,NA
"250822002-004","LBH25","25L0486","water",2025-08-20,1899-12-31 12:30:00,2025-08-22,1899-12-31 10:45:00,NA,1,2025-08-29,NA,NA,"lake_littoral","scrape",NA,"NYSDEC","0905LON0237_DH_20250820T1230","Kraft,Novello,Latarte",43.980939803197,-75.1942118921736,"QAPP-WQM-0078_V24-1_Benthic-HABs","scrape",2025-08-20 12:30:00,"Lake Probability Sampling 2024-2025","QAPP-LCI-0001_V25-1_Statewide","0905LON0237_DH","microscopy_dominant_taxa",NA,"aphanocapsa","250822002","not_applicable",NA,"UFI","1","not_provided","none","NYSDEC","not_provided","not_provided","not_provided",NA,NA,NA,"lab","not_provided","none","none",NA,"not_applicable","not_applicable","not_applicable",NA,NA,"not_applicable",NA,"not_provided","not_applicable",NA,NA,NA
"250822002-004","LBH25","25L0486","water",2025-08-20,1899-12-31 12:30:00,2025-08-22,1899-12-31 10:45:00,NA,1,2025-08-29,NA,NA,"lake_littoral","scrape",NA,"NYSDEC","0905LON0237_DH_20250820T1230","Kraft,Novello,Latarte",43.980939803197,-75.1942118921736,"QAPP-WQM-0078_V24-1_Benthic-HABs","scrape",2025-08-20 12:30:00,"Lake Probability Sampling 2024-2025","QAPP-LCI-0001_V25-1_Statewide","0905LON0237_DH","microscopy_dominant_taxa",NA,"bulbochaete","250822002","not_applicable",NA,"UFI","1","not_provided","none","NYSDEC","not_provided","not_provided","not_provided",NA,NA,NA,"lab","not_provided","none","none",NA,"not_applicable","not_applicable","not_applicable",NA,NA,"not_applicable",NA,"not_provided","not_applicable",NA,NA,NA
"250822002-006","LBH25","25L0489","water",2025-08-21,1899-12-31 12:30:00,2025-08-22,1899-12-31 10:45:00,NA,1,2025-08-29,NA,NA,"lake_littoral","scrape",NA,"NYSDEC","0303LIG0018A_DH_20250821T1230","Kraft,Novello,Latarte",43.5245486374724,-75.9673159468524,"QAPP-WQM-0078_V24-1_Benthic-HABs","scrape",2025-08-21 12:30:00,"Lake Probability Sampling 2024-2025","QAPP-LCI-0001_V25-1_Statewide","0303LIG0018A_DH","microscopy_dominant_taxa",NA,"phormidium","250822002","not_applicable",NA,"UFI","1","not_provided","none","NYSDEC","not_provided","not_provided","not_provided",NA,NA,NA,"lab","not_provided","none","none",NA,"not_applicable","not_applicable","not_applicable",NA,NA,"not_applicable",NA,"not_provided","not_applicable",NA,NA,NA
"250822002-006","LBH25","25L0489","water",2025-08-21,1899-12-31 12:30:00,2025-08-22,1899-12-31 10:45:00,NA,1,2025-08-29,NA,NA,"lake_littoral","scrape",NA,"NYSDEC","0303LIG0018A_DH_20250821T1230","Kraft,Novello,Latarte",43.5245486374724,-75.9673159468524,"QAPP-WQM-0078_V24-1_Benthic-HABs","scrape",2025-08-21 12:30:00,"Lake Probability Sampling 2024-2025","QAPP-LCI-0001_V25-1_Statewide","0303LIG0018A_DH","microscopy_dominant_taxa",NA,"lyngbya","250822002","not_applicable",NA,"UFI","1","not_provided","none","NYSDEC","not_provided","not_provided","not_provided",NA,NA,NA,"lab","not_provided","none","none",NA,"not_applicable","not_applicable","not_applicable",NA,NA,"not_applicable",NA,"not_provided","not_applicable",NA,NA,NA
"250822002-006","LBH25","25L0489","water",2025-08-21,1899-12-31 12:30:00,2025-08-22,1899-12-31 10:45:00,NA,1,2025-08-29,NA,NA,"lake_littoral","scrape",NA,"NYSDEC","0303LIG0018A_DH_20250821T1230","Kraft,Novello,Latarte",43.5245486374724,-75.9673159468524,"QAPP-WQM-0078_V24-1_Benthic-HABs","scrape",2025-08-21 12:30:00,"Lake Probability Sampling 2024-2025","QAPP-LCI-0001_V25-1_Statewide","0303LIG0018A_DH","microscopy_dominant_taxa",NA,"zygnema","250822002","not_applicable",NA,"UFI","1","not_provided","none","NYSDEC","not_provided","not_provided","not_provided",NA,NA,NA,"lab","not_provided","none","none",NA,"not_applicable","not_applicable","not_applicable",NA,NA,"not_applicable",NA,"not_provided","not_applicable",NA,NA,NA
"250822002-006","LBH25","25L0489","water",2025-08-21,1899-12-31 12:30:00,2025-08-22,1899-12-31 10:45:00,NA,1,2025-08-29,NA,NA,"lake_littoral","scrape",NA,"NYSDEC","0303LIG0018A_DH_20250821T1230","Kraft,Novello,Latarte",43.5245486374724,-75.9673159468524,"QAPP-WQM-0078_V24-1_Benthic-HABs","scrape",2025-08-21 12:30:00,"Lake Probability Sampling 2024-2025","QAPP-LCI-0001_V25-1_Statewide","0303LIG0018A_DH","microscopy_dominant_taxa",NA,"pennate diatoms","250822002","not_applicable",NA,"UFI","1","not_provided","none","NYSDEC","not_provided","not_provided","not_provided",NA,NA,NA,"lab","not_provided","none","none",NA,"not_applicable","not_applicable","not_applicable",NA,NA,"not_applicable",NA,"not_provided","not_applicable",NA,NA,NA
"250828008-002","LBH25","25L0501","water",2025-08-26,1899-12-31 16:30:00,2025-08-28,1899-12-31 13:50:00,NA,1,2025-09-04,NA,NA,"lake_littoral","scrape",NA,"NYSDEC","0906GRA0051_DH_20250826T1630","Duffy,Kraft,Goodrich",44.3361497715683,-75.7056727559994,"QAPP-WQM-0078_V24-1_Benthic-HABs","scrape",2025-08-26 16:30:00,"Lake Probability Sampling 2024-2025","QAPP-LCI-0001_V25-1_Statewide","0906GRA0051_DH","microscopy_dominant_taxa",NA,"tolypothrix","250828008","not_applicable",NA,"UFI","1","not_provided","none","NYSDEC","not_provided","not_provided","not_provided",NA,NA,NA,"lab","not_provided","none","none",NA,"not_applicable","not_applicable","not_applicable",NA,NA,"not_applicable",NA,"not_provided","not_applicable",NA,NA,NA
"250828008-002","LBH25","25L0501","water",2025-08-26,1899-12-31 16:30:00,2025-08-28,1899-12-31 13:50:00,NA,1,2025-09-04,NA,NA,"lake_littoral","scrape",NA,"NYSDEC","0906GRA0051_DH_20250826T1630","Duffy,Kraft,Goodrich",44.3361497715683,-75.7056727559994,"QAPP-WQM-0078_V24-1_Benthic-HABs","scrape",2025-08-26 16:30:00,"Lake Probability Sampling 2024-2025","QAPP-LCI-0001_V25-1_Statewide","0906GRA0051_DH","microscopy_dominant_taxa",NA,"lyngbya","250828008","not_applicable",NA,"UFI","1","not_provided","none","NYSDEC","not_provided","not_provided","not_provided",NA,NA,NA,"lab","not_provided","none","none",NA,"not_applicable","not_applicable","not_applicable",NA,NA,"not_applicable",NA,"not_provided","not_applicable",NA,NA,NA
"250828008-002","LBH25","25L0501","water",2025-08-26,1899-12-31 16:30:00,2025-08-28,1899-12-31 13:50:00,NA,1,2025-09-04,NA,NA,"lake_littoral","scrape",NA,"NYSDEC","0906GRA0051_DH_20250826T1630","Duffy,Kraft,Goodrich",44.3361497715683,-75.7056727559994,"QAPP-WQM-0078_V24-1_Benthic-HABs","scrape",2025-08-26 16:30:00,"Lake Probability Sampling 2024-2025","QAPP-LCI-0001_V25-1_Statewide","0906GRA0051_DH","microscopy_dominant_taxa",NA,"coccoid greens","250828008","not_applicable",NA,"UFI","1","not_provided","none","NYSDEC","not_provided","not_provided","not_provided",NA,NA,NA,"lab","not_provided","none","none",NA,"not_applicable","not_applicable","not_applicable",NA,NA,"not_applicable",NA,"not_provided","not_applicable",NA,NA,NA
"250828008-002","LBH25","25L0501","water",2025-08-26,1899-12-31 16:30:00,2025-08-28,1899-12-31 13:50:00,NA,1,2025-09-04,NA,NA,"lake_littoral","scrape",NA,"NYSDEC","0906GRA0051_DH_20250826T1630","Duffy,Kraft,Goodrich",44.3361497715683,-75.7056727559994,"QAPP-WQM-0078_V24-1_Benthic-HABs","scrape",2025-08-26 16:30:00,"Lake Probability Sampling 2024-2025","QAPP-LCI-0001_V25-1_Statewide","0906GRA0051_DH","microscopy_dominant_taxa",NA,"nostoc","250828008","not_applicable",NA,"UFI","1","not_provided","none","NYSDEC","not_provided","not_provided","not_provided",NA,NA,NA,"lab","not_provided","none","none",NA,"not_applicable","not_applicable","not_applicable",NA,NA,"not_applicable",NA,"not_provided","not_applicable",NA,NA,NA
"250829002-004","LBH25","25L0507","water",2025-08-27,1899-12-31 13:15:00,2025-08-29,1899-12-31 10:30:00,NA,1,2025-09-04,NA,NA,"lake_littoral","scrape",NA,"NYSDEC","0903PIE0085_DH_20250827T1315","Duffy,Goodrich,Kraft",44.2295213526273,-74.5526576201373,"QAPP-WQM-0078_V24-1_Benthic-HABs","scrape",2025-08-27 13:15:00,"Lake Probability Sampling 2024-2025","QAPP-LCI-0001_V25-1_Statewide","0903PIE0085_DH","microscopy_dominant_taxa",NA,"aphanizomenon","250829002","not_applicable",NA,"UFI","1","not_provided","none","NYSDEC","not_provided","not_provided","not_provided",NA,NA,NA,"lab","not_provided","none","none",NA,"not_applicable","not_applicable","not_applicable",NA,NA,"not_applicable",NA,"not_provided","not_applicable",NA,NA,NA
"250829002-004","LBH25","25L0507","water",2025-08-27,1899-12-31 13:15:00,2025-08-29,1899-12-31 10:30:00,NA,1,2025-09-04,NA,NA,"lake_littoral","scrape",NA,"NYSDEC","0903PIE0085_DH_20250827T1315","Duffy,Goodrich,Kraft",44.2295213526273,-74.5526576201373,"QAPP-WQM-0078_V24-1_Benthic-HABs","scrape",2025-08-27 13:15:00,"Lake Probability Sampling 2024-2025","QAPP-LCI-0001_V25-1_Statewide","0903PIE0085_DH","microscopy_dominant_taxa",NA,"pennate diatoms","250829002","not_applicable",NA,"UFI","1","not_provided","none","NYSDEC","not_provided","not_provided","not_provided",NA,NA,NA,"lab","not_provided","none","none",NA,"not_applicable","not_applicable","not_applicable",NA,NA,"not_applicable",NA,"not_provided","not_applicable",NA,NA,NA
"250829002-004","LBH25","25L0507","water",2025-08-27,1899-12-31 13:15:00,2025-08-29,1899-12-31 10:30:00,NA,1,2025-09-04,NA,NA,"lake_littoral","scrape",NA,"NYSDEC","0903PIE0085_DH_20250827T1315","Duffy,Goodrich,Kraft",44.2295213526273,-74.5526576201373,"QAPP-WQM-0078_V24-1_Benthic-HABs","scrape",2025-08-27 13:15:00,"Lake Probability Sampling 2024-2025","QAPP-LCI-0001_V25-1_Statewide","0903PIE0085_DH","microscopy_dominant_taxa",NA,"woronichinia","250829002","not_applicable",NA,"UFI","1","not_provided","none","NYSDEC","not_provided","not_provided","not_provided",NA,NA,NA,"lab","not_provided","none","none",NA,"not_applicable","not_applicable","not_applicable",NA,NA,"not_applicable",NA,"not_provided","not_applicable",NA,NA,NA
"250829002-008","LBH25","25L0510","water",2025-08-28,1899-12-31 13:30:00,2025-08-29,1899-12-31 10:30:00,NA,1,2025-09-04,NA,NA,"lake_littoral","scrape",NA,"NYSDEC","1004AUG0213_DH_20250828T1330","Duffy,Goodrich,Kraft",44.4597059331936,-73.499352065016,"QAPP-WQM-0078_V24-1_Benthic-HABs","scrape",2025-08-28 13:30:00,"Lake Probability Sampling 2024-2025","QAPP-LCI-0001_V25-1_Statewide","1004AUG0213_DH","microscopy_dominant_taxa",NA,"woronichinia","250829002","not_applicable",NA,"UFI","1","not_provided","none","NYSDEC","not_provided","not_provided","not_provided",NA,NA,NA,"lab","not_provided","none","none",NA,"not_applicable","not_applicable","not_applicable",NA,NA,"not_applicable",NA,"not_provided","not_applicable",NA,NA,NA
"250829002-008","LBH25","25L0510","water",2025-08-28,1899-12-31 13:30:00,2025-08-29,1899-12-31 10:30:00,NA,1,2025-09-04,NA,NA,"lake_littoral","scrape",NA,"NYSDEC","1004AUG0213_DH_20250828T1330","Duffy,Goodrich,Kraft",44.4597059331936,-73.499352065016,"QAPP-WQM-0078_V24-1_Benthic-HABs","scrape",2025-08-28 13:30:00,"Lake Probability Sampling 2024-2025","QAPP-LCI-0001_V25-1_Statewide","1004AUG0213_DH","microscopy_dominant_taxa",NA,"pennate diatoms","250829002","not_applicable",NA,"UFI","1","not_provided","none","NYSDEC","not_provided","not_provided","not_provided",NA,NA,NA,"lab","not_provided","none","none",NA,"not_applicable","not_applicable","not_applicable",NA,NA,"not_applicable",NA,"not_provided","not_applicable",NA,NA,NA
"250829002-008","LBH25","25L0510","water",2025-08-28,1899-12-31 13:30:00,2025-08-29,1899-12-31 10:30:00,NA,1,2025-09-04,NA,NA,"lake_littoral","scrape",NA,"NYSDEC","1004AUG0213_DH_20250828T1330","Duffy,Goodrich,Kraft",44.4597059331936,-73.499352065016,"QAPP-WQM-0078_V24-1_Benthic-HABs","scrape",2025-08-28 13:30:00,"Lake Probability Sampling 2024-2025","QAPP-LCI-0001_V25-1_Statewide","1004AUG0213_DH","microscopy_dominant_taxa",NA,"planktothrix","250829002","not_applicable",NA,"UFI","1","not_provided","none","NYSDEC","not_provided","not_provided","not_provided",NA,NA,NA,"lab","not_provided","none","none",NA,"not_applicable","not_applicable","not_applicable",NA,NA,"not_applicable",NA,"not_provided","not_applicable",NA,NA,NA
"250904001-004","LBH25","25L0581","water",2025-09-02,1899-12-31 10:00:00,2025-09-04,1899-12-31 10:22:00,NA,1,2025-09-10,NA,NA,"lake_littoral","scrape",NA,"NYSDEC","1104THI0540_DH_20250902T1000","Onion,Alvarez_del_castillo,Goodrich",43.7126437386912,-74.1220747146892,"QAPP-WQM-0078_V24-1_Benthic-HABs","scrape",2025-09-02 10:00:00,"Lake Probability Sampling 2024-2025","QAPP-LCI-0001_V25-1_Statewide","1104THI0540_DH","microscopy_dominant_taxa",NA,"tolypothrix","250904001","not_applicable",NA,"UFI","1","not_provided","none","NYSDEC","not_provided","not_provided","not_provided",NA,NA,NA,"lab","not_provided","none","none",NA,"not_applicable","not_applicable","not_applicable",NA,NA,"not_applicable",NA,"not_provided","not_applicable",NA,NA,NA
"250904001-004","LBH25","25L0581","water",2025-09-02,1899-12-31 10:00:00,2025-09-04,1899-12-31 10:22:00,NA,1,2025-09-10,NA,NA,"lake_littoral","scrape",NA,"NYSDEC","1104THI0540_DH_20250902T1000","Onion,Alvarez_del_castillo,Goodrich",43.7126437386912,-74.1220747146892,"QAPP-WQM-0078_V24-1_Benthic-HABs","scrape",2025-09-02 10:00:00,"Lake Probability Sampling 2024-2025","QAPP-LCI-0001_V25-1_Statewide","1104THI0540_DH","microscopy_dominant_taxa",NA,"dolichospermum","250904001","not_applicable",NA,"UFI","1","not_provided","none","NYSDEC","not_provided","not_provided","not_provided",NA,NA,NA,"lab","not_provided","none","none",NA,"not_applicable","not_applicable","not_applicable",NA,NA,"not_applicable",NA,"not_provided","not_applicable",NA,NA,NA
"250904001-004","LBH25","25L0581","water",2025-09-02,1899-12-31 10:00:00,2025-09-04,1899-12-31 10:22:00,NA,1,2025-09-10,NA,NA,"lake_littoral","scrape",NA,"NYSDEC","1104THI0540_DH_20250902T1000","Onion,Alvarez_del_castillo,Goodrich",43.7126437386912,-74.1220747146892,"QAPP-WQM-0078_V24-1_Benthic-HABs","scrape",2025-09-02 10:00:00,"Lake Probability Sampling 2024-2025","QAPP-LCI-0001_V25-1_Statewide","1104THI0540_DH","microscopy_dominant_taxa",NA,"pennate diatoms","250904001","not_applicable",NA,"UFI","1","not_provided","none","NYSDEC","not_provided","not_provided","not_provided",NA,NA,NA,"lab","not_provided","none","none",NA,"not_applicable","not_applicable","not_applicable",NA,NA,"not_applicable",NA,"not_provided","not_applicable",NA,NA,NA
"250904001-011","LBH25","25L0566","water",2025-09-02,1899-12-31 16:30:00,2025-09-04,1899-12-31 10:22:00,NA,1,2025-09-10,NA,NA,"lake_littoral","scrape",NA,"NYSDEC","0905CHA0303_DH_20250902T1630","Novello,Kraft,Reynolds,Lindsey Deluna",44.2173240799059,-74.9834235296471,"QAPP-WQM-0078_V24-1_Benthic-HABs","scrape",2025-09-02 16:30:00,"Lake Probability Sampling 2024-2025","QAPP-LCI-0001_V25-1_Statewide","0905CHA0303_DH","microscopy_dominant_taxa",NA,"f19","250904001","not_applicable",NA,"UFI","1","not_provided","none","NYSDEC","not_provided","not_provided","not_provided",NA,NA,NA,"lab","not_provided","none","none",NA,"not_applicable","not_applicable","not_applicable",NA,NA,"not_applicable",NA,"not_provided","not_applicable",NA,NA,NA
"250905003-003","LBH25","25L0571","water",2025-09-04,1899-12-31 13:00:00,2025-09-05,1899-12-31 11:10:00,NA,1,2025-09-10,NA,NA,"lake_littoral","floating_mat",NA,"NYSDEC","0902LSA0257A_DH_20250904T1300","Novello,Reynolds",44.4301316700876,-74.2503292579204,"QAPP-WQM-0078_V24-1_Benthic-HABs","bottle",2025-09-04 13:00:00,"Lake Probability Sampling 2024-2025","QAPP-LCI-0001_V25-1_Statewide","0902LSA0257A_DH","microscopy_dominant_taxa",NA,"mougeotia","250905003","not_applicable",NA,"UFI","1","not_provided","none","NYSDEC","not_provided","not_provided","not_provided",NA,NA,NA,"lab","not_provided","none","none",NA,"not_applicable","not_applicable","not_applicable",NA,NA,"not_applicable",NA,"not_provided","not_applicable",NA,NA,NA
"250905003-003","LBH25","25L0571","water",2025-09-04,1899-12-31 13:00:00,2025-09-05,1899-12-31 11:10:00,NA,1,2025-09-10,NA,NA,"lake_littoral","floating_mat",NA,"NYSDEC","0902LSA0257A_DH_20250904T1300","Novello,Reynolds",44.4301316700876,-74.2503292579204,"QAPP-WQM-0078_V24-1_Benthic-HABs","bottle",2025-09-04 13:00:00,"Lake Probability Sampling 2024-2025","QAPP-LCI-0001_V25-1_Statewide","0902LSA0257A_DH","microscopy_dominant_taxa",NA,"pennate diatoms","250905003","not_applicable",NA,"UFI","1","not_provided","none","NYSDEC","not_provided","not_provided","not_provided",NA,NA,NA,"lab","not_provided","none","none",NA,"not_applicable","not_applicable","not_applicable",NA,NA,"not_applicable",NA,"not_provided","not_applicable",NA,NA,NA
"250905003-003","LBH25","25L0571","water",2025-09-04,1899-12-31 13:00:00,2025-09-05,1899-12-31 11:10:00,NA,1,2025-09-10,NA,NA,"lake_littoral","floating_mat",NA,"NYSDEC","0902LSA0257A_DH_20250904T1300","Novello,Reynolds",44.4301316700876,-74.2503292579204,"QAPP-WQM-0078_V24-1_Benthic-HABs","bottle",2025-09-04 13:00:00,"Lake Probability Sampling 2024-2025","QAPP-LCI-0001_V25-1_Statewide","0902LSA0257A_DH","microscopy_dominant_taxa",NA,"zygnema","250905003","not_applicable",NA,"UFI","1","not_provided","none","NYSDEC","not_provided","not_provided","not_provided",NA,NA,NA,"lab","not_provided","none","none",NA,"not_applicable","not_applicable","not_applicable",NA,NA,"not_applicable",NA,"not_provided","not_applicable",NA,NA,NA
"250905003-004","LBH25","25L0572","water",2025-09-04,1899-12-31 13:00:00,2025-09-05,1899-12-31 11:10:00,NA,1,2025-09-10,NA,NA,"lake_littoral","scrape",NA,"NYSDEC","0902LSA0257A_DH_20250904T1300","Novello,Reynolds",44.4301316700876,-74.2503292579204,"QAPP-WQM-0078_V24-1_Benthic-HABs","scrape",2025-09-04 13:00:00,"Lake Probability Sampling 2024-2025","QAPP-LCI-0001_V25-1_Statewide","0902LSA0257A_DH","microscopy_dominant_taxa",NA,"mougeotia","250905003","not_applicable",NA,"UFI","1","not_provided","none","NYSDEC","not_provided","not_provided","not_provided",NA,NA,NA,"lab","not_provided","none","none",NA,"not_applicable","not_applicable","not_applicable",NA,NA,"not_applicable",NA,"not_provided","not_applicable",NA,NA,NA
"250905003-004","LBH25","25L0572","water",2025-09-04,1899-12-31 13:00:00,2025-09-05,1899-12-31 11:10:00,NA,1,2025-09-10,NA,NA,"lake_littoral","scrape",NA,"NYSDEC","0902LSA0257A_DH_20250904T1300","Novello,Reynolds",44.4301316700876,-74.2503292579204,"QAPP-WQM-0078_V24-1_Benthic-HABs","scrape",2025-09-04 13:00:00,"Lake Probability Sampling 2024-2025","QAPP-LCI-0001_V25-1_Statewide","0902LSA0257A_DH","microscopy_dominant_taxa",NA,"melosira","250905003","not_applicable",NA,"UFI","1","not_provided","none","NYSDEC","not_provided","not_provided","not_provided",NA,NA,NA,"lab","not_provided","none","none",NA,"not_applicable","not_applicable","not_applicable",NA,NA,"not_applicable",NA,"not_provided","not_applicable",NA,NA,NA
"250905003-004","LBH25","25L0572","water",2025-09-04,1899-12-31 13:00:00,2025-09-05,1899-12-31 11:10:00,NA,1,2025-09-10,NA,NA,"lake_littoral","scrape",NA,"NYSDEC","0902LSA0257A_DH_20250904T1300","Novello,Reynolds",44.4301316700876,-74.2503292579204,"QAPP-WQM-0078_V24-1_Benthic-HABs","scrape",2025-09-04 13:00:00,"Lake Probability Sampling 2024-2025","QAPP-LCI-0001_V25-1_Statewide","0902LSA0257A_DH","microscopy_dominant_taxa",NA,"scytonema","250905003","not_applicable",NA,"UFI","1","not_provided","none","NYSDEC","not_provided","not_provided","not_provided",NA,NA,NA,"lab","not_provided","none","none",NA,"not_applicable","not_applicable","not_applicable",NA,NA,"not_applicable",NA,"not_provided","not_applicable",NA,NA,NA
"250905003-004","LBH25","25L0572","water",2025-09-04,1899-12-31 13:00:00,2025-09-05,1899-12-31 11:10:00,NA,1,2025-09-10,NA,NA,"lake_littoral","scrape",NA,"NYSDEC","0902LSA0257A_DH_20250904T1300","Novello,Reynolds",44.4301316700876,-74.2503292579204,"QAPP-WQM-0078_V24-1_Benthic-HABs","scrape",2025-09-04 13:00:00,"Lake Probability Sampling 2024-2025","QAPP-LCI-0001_V25-1_Statewide","0902LSA0257A_DH","microscopy_dominant_taxa",NA,"bulbochaete","250905003","not_applicable",NA,"UFI","1","not_provided","none","NYSDEC","not_provided","not_provided","not_provided",NA,NA,NA,"lab","not_provided","none","none",NA,"not_applicable","not_applicable","not_applicable",NA,NA,"not_applicable",NA,"not_provided","not_applicable",NA,NA,NA
"250905003-008","LBH25","25L0584","water",2025-09-04,1899-12-31 10:45:00,2025-09-05,1899-12-31 11:10:00,NA,1,2025-09-10,NA,NA,"lake_littoral","scrape",NA,"NYSDEC","1005UWBXXX1_DH_20250904T1045","Goodrich,Alvarez_del_castillo",43.2706400379941,-73.4786768351434,"QAPP-WQM-0078_V24-1_Benthic-HABs","scrape",2025-09-04 10:45:00,"Lake Probability Sampling 2024-2025","QAPP-LCI-0001_V25-1_Statewide","1005UWBXXX1_DH","microscopy_dominant_taxa",NA,"phormidium","250905003","not_applicable",NA,"UFI","1","not_provided","none","NYSDEC","not_provided","not_provided","not_provided",NA,NA,NA,"lab","not_provided","none","none",NA,"not_applicable","not_applicable","not_applicable",NA,NA,"not_applicable",NA,"not_provided","not_applicable",NA,NA,NA
"250905003-008","LBH25","25L0584","water",2025-09-04,1899-12-31 10:45:00,2025-09-05,1899-12-31 11:10:00,NA,1,2025-09-10,NA,NA,"lake_littoral","scrape",NA,"NYSDEC","1005UWBXXX1_DH_20250904T1045","Goodrich,Alvarez_del_castillo",43.2706400379941,-73.4786768351434,"QAPP-WQM-0078_V24-1_Benthic-HABs","scrape",2025-09-04 10:45:00,"Lake Probability Sampling 2024-2025","QAPP-LCI-0001_V25-1_Statewide","1005UWBXXX1_DH","microscopy_dominant_taxa",NA,"oscillatoria","250905003","not_applicable",NA,"UFI","1","not_provided","none","NYSDEC","not_provided","not_provided","not_provided",NA,NA,NA,"lab","not_provided","none","none",NA,"not_applicable","not_applicable","not_applicable",NA,NA,"not_applicable",NA,"not_provided","not_applicable",NA,NA,NA
"250905003-008","LBH25","25L0584","water",2025-09-04,1899-12-31 10:45:00,2025-09-05,1899-12-31 11:10:00,NA,1,2025-09-10,NA,NA,"lake_littoral","scrape",NA,"NYSDEC","1005UWBXXX1_DH_20250904T1045","Goodrich,Alvarez_del_castillo",43.2706400379941,-73.4786768351434,"QAPP-WQM-0078_V24-1_Benthic-HABs","scrape",2025-09-04 10:45:00,"Lake Probability Sampling 2024-2025","QAPP-LCI-0001_V25-1_Statewide","1005UWBXXX1_DH","microscopy_dominant_taxa",NA,"mougeotia","250905003","not_applicable",NA,"UFI","1","not_provided","none","NYSDEC","not_provided","not_provided","not_provided",NA,NA,NA,"lab","not_provided","none","none",NA,"not_applicable","not_applicable","not_applicable",NA,NA,"not_applicable",NA,"not_provided","not_applicable",NA,NA,NA
"250918008-002","LBH25","25L0613","water",2025-09-17,1899-12-31 10:00:00,2025-09-18,1899-12-31 10:33:00,NA,1,2025-09-18,NA,NA,"lake_littoral","scrape",NA,"NYSDEC","1403FOR0322_DH_20250917T1000","Onion,Goodrich,Rae Cade",41.9540471422234,-74.785006525837,"QAPP-WQM-0078_V24-1_Benthic-HABs","scrape",2025-09-17 10:00:00,"Lake Probability Sampling 2024-2025","QAPP-LCI-0001_V25-1_Statewide","1403FOR0322_DH","microscopy_dominant_taxa",NA,"staurastrum","250918008","not_applicable",NA,"UFI","1","not_provided","none","NYSDEC","not_provided","not_provided","not_provided",NA,NA,NA,"lab","not_provided","none","none",NA,"not_applicable","not_applicable","not_applicable",NA,NA,"not_applicable",NA,"not_provided","not_applicable",NA,NA,NA
"250918008-002","LBH25","25L0613","water",2025-09-17,1899-12-31 10:00:00,2025-09-18,1899-12-31 10:33:00,NA,1,2025-09-18,NA,NA,"lake_littoral","scrape",NA,"NYSDEC","1403FOR0322_DH_20250917T1000","Onion,Goodrich,Rae Cade",41.9540471422234,-74.785006525837,"QAPP-WQM-0078_V24-1_Benthic-HABs","scrape",2025-09-17 10:00:00,"Lake Probability Sampling 2024-2025","QAPP-LCI-0001_V25-1_Statewide","1403FOR0322_DH","microscopy_dominant_taxa",NA,"tabellaria","250918008","not_applicable",NA,"UFI","1","not_provided","none","NYSDEC","not_provided","not_provided","not_provided",NA,NA,NA,"lab","not_provided","none","none",NA,"not_applicable","not_applicable","not_applicable",NA,NA,"not_applicable",NA,"not_provided","not_applicable",NA,NA,NA
"250918008-002","LBH25","25L0613","water",2025-09-17,1899-12-31 10:00:00,2025-09-18,1899-12-31 10:33:00,NA,1,2025-09-18,NA,NA,"lake_littoral","scrape",NA,"NYSDEC","1403FOR0322_DH_20250917T1000","Onion,Goodrich,Rae Cade",41.9540471422234,-74.785006525837,"QAPP-WQM-0078_V24-1_Benthic-HABs","scrape",2025-09-17 10:00:00,"Lake Probability Sampling 2024-2025","QAPP-LCI-0001_V25-1_Statewide","1403FOR0322_DH","microscopy_dominant_taxa",NA,"dolichospermum","250918008","not_applicable",NA,"UFI","1","not_provided","none","NYSDEC","not_provided","not_provided","not_provided",NA,NA,NA,"lab","not_provided","none","none",NA,"not_applicable","not_applicable","not_applicable",NA,NA,"not_applicable",NA,"not_provided","not_applicable",NA,NA,NA
"250918008-006","LBH25","25L0601","water",2025-09-16,1899-12-31 14:45:00,2025-09-18,1899-12-31 10:33:00,NA,1,2025-09-18,NA,NA,"lake_littoral","scrape",NA,"NYSDEC","1401BIG0075_DH_20250916T1445","Kraft,Novello",41.4666333002786,-74.6636033776021,"QAPP-WQM-0078_V24-1_Benthic-HABs","scrape",2025-09-16 14:45:00,"Lake Probability Sampling 2024-2025","QAPP-LCI-0001_V25-1_Statewide","1401BIG0075_DH","microscopy_dominant_taxa",NA,"dolichospermum","250918008","not_applicable",NA,"UFI","1","not_provided","none","NYSDEC","not_provided","not_provided","not_provided",NA,NA,NA,"lab","not_provided","none","none",NA,"not_applicable","not_applicable","not_applicable",NA,NA,"not_applicable",NA,"not_provided","not_applicable",NA,NA,NA
"250918008-006","LBH25","25L0601","water",2025-09-16,1899-12-31 14:45:00,2025-09-18,1899-12-31 10:33:00,NA,1,2025-09-18,NA,NA,"lake_littoral","scrape",NA,"NYSDEC","1401BIG0075_DH_20250916T1445","Kraft,Novello",41.4666333002786,-74.6636033776021,"QAPP-WQM-0078_V24-1_Benthic-HABs","scrape",2025-09-16 14:45:00,"Lake Probability Sampling 2024-2025","QAPP-LCI-0001_V25-1_Statewide","1401BIG0075_DH","microscopy_dominant_taxa",NA,"fischerella","250918008","not_applicable",NA,"UFI","1","not_provided","none","NYSDEC","not_provided","not_provided","not_provided",NA,NA,NA,"lab","not_provided","none","none",NA,"not_applicable","not_applicable","not_applicable",NA,NA,"not_applicable",NA,"not_provided","not_applicable",NA,NA,NA
"250918008-006","LBH25","25L0601","water",2025-09-16,1899-12-31 14:45:00,2025-09-18,1899-12-31 10:33:00,NA,1,2025-09-18,NA,NA,"lake_littoral","scrape",NA,"NYSDEC","1401BIG0075_DH_20250916T1445","Kraft,Novello",41.4666333002786,-74.6636033776021,"QAPP-WQM-0078_V24-1_Benthic-HABs","scrape",2025-09-16 14:45:00,"Lake Probability Sampling 2024-2025","QAPP-LCI-0001_V25-1_Statewide","1401BIG0075_DH","microscopy_dominant_taxa",NA,"bulbochaete","250918008","not_applicable",NA,"UFI","1","not_provided","none","NYSDEC","not_provided","not_provided","not_provided",NA,NA,NA,"lab","not_provided","none","none",NA,"not_applicable","not_applicable","not_applicable",NA,NA,"not_applicable",NA,"not_provided","not_applicable",NA,NA,NA
"250919002-003","LBH25","25L0604","water",2025-09-17,1899-12-31 12:45:00,2025-09-19,1899-12-31 11:27:00,NA,1,2025-09-22,NA,NA,"lake_littoral","scrape",NA,"NYSDEC","1401MUD0175_DH_20250917T1245","Novello,Kraft",41.5496181275882,-74.8356785759705,"QAPP-WQM-0078_V24-1_Benthic-HABs","scrape",2025-09-17 12:45:00,"Lake Probability Sampling 2024-2025","QAPP-LCI-0001_V25-1_Statewide","1401MUD0175_DH","microscopy_dominant_taxa",NA,"fischerella","250919002","not_applicable",NA,"UFI","1","not_provided","none","NYSDEC","not_provided","not_provided","not_provided",NA,NA,NA,"lab","not_provided","none","none",NA,"not_applicable","not_applicable","not_applicable",NA,NA,"not_applicable",NA,"not_provided","not_applicable",NA,NA,NA
"250919002-003","LBH25","25L0604","water",2025-09-17,1899-12-31 12:45:00,2025-09-19,1899-12-31 11:27:00,NA,1,2025-09-22,NA,NA,"lake_littoral","scrape",NA,"NYSDEC","1401MUD0175_DH_20250917T1245","Novello,Kraft",41.5496181275882,-74.8356785759705,"QAPP-WQM-0078_V24-1_Benthic-HABs","scrape",2025-09-17 12:45:00,"Lake Probability Sampling 2024-2025","QAPP-LCI-0001_V25-1_Statewide","1401MUD0175_DH","microscopy_dominant_taxa",NA,"rivularia","250919002","not_applicable",NA,"UFI","1","not_provided","none","NYSDEC","not_provided","not_provided","not_provided",NA,NA,NA,"lab","not_provided","none","none",NA,"not_applicable","not_applicable","not_applicable",NA,NA,"not_applicable",NA,"not_provided","not_applicable",NA,NA,NA
"250919002-003","LBH25","25L0604","water",2025-09-17,1899-12-31 12:45:00,2025-09-19,1899-12-31 11:27:00,NA,1,2025-09-22,NA,NA,"lake_littoral","scrape",NA,"NYSDEC","1401MUD0175_DH_20250917T1245","Novello,Kraft",41.5496181275882,-74.8356785759705,"QAPP-WQM-0078_V24-1_Benthic-HABs","scrape",2025-09-17 12:45:00,"Lake Probability Sampling 2024-2025","QAPP-LCI-0001_V25-1_Statewide","1401MUD0175_DH","microscopy_dominant_taxa",NA,"mougeotia","250919002","not_applicable",NA,"UFI","1","not_provided","none","NYSDEC","not_provided","not_provided","not_provided",NA,NA,NA,"lab","not_provided","none","none",NA,"not_applicable","not_applicable","not_applicable",NA,NA,"not_applicable",NA,"not_provided","not_applicable",NA,NA,NA
"250919002-003","LBH25","25L0604","water",2025-09-17,1899-12-31 12:45:00,2025-09-19,1899-12-31 11:27:00,NA,1,2025-09-22,NA,NA,"lake_littoral","scrape",NA,"NYSDEC","1401MUD0175_DH_20250917T1245","Novello,Kraft",41.5496181275882,-74.8356785759705,"QAPP-WQM-0078_V24-1_Benthic-HABs","scrape",2025-09-17 12:45:00,"Lake Probability Sampling 2024-2025","QAPP-LCI-0001_V25-1_Statewide","1401MUD0175_DH","microscopy_dominant_taxa",NA,"bulbochaete","250919002","not_applicable",NA,"UFI","1","not_provided","none","NYSDEC","not_provided","not_provided","not_provided",NA,NA,NA,"lab","not_provided","none","none",NA,"not_applicable","not_applicable","not_applicable",NA,NA,"not_applicable",NA,"not_provided","not_applicable",NA,NA,NA
"250919002-005","LBH25","25L0606","water",2025-09-18,1899-12-31 12:30:00,2025-09-19,1899-12-31 11:27:00,NA,1,2025-09-22,NA,NA,"lake_littoral","floating_mat",NA,"NYSDEC","1306DEW0449_DH_20250918T1230","Kraft,Novello",41.8876494425463,-74.0474946617603,"QAPP-WQM-0078_V24-1_Benthic-HABs","bottle",2025-09-18 12:30:00,"Lake Probability Sampling 2024-2025","QAPP-LCI-0001_V25-1_Statewide","1306DEW0449_DH","microscopy_dominant_taxa",NA,"oscillatoria","250919002","not_applicable",NA,"UFI","1","not_provided","none","NYSDEC","not_provided","not_provided","not_provided",NA,NA,NA,"lab","not_provided","none","none",NA,"not_applicable","not_applicable","not_applicable",NA,NA,"not_applicable",NA,"not_provided","not_applicable",NA,NA,NA
"250919002-005","LBH25","25L0606","water",2025-09-18,1899-12-31 12:30:00,2025-09-19,1899-12-31 11:27:00,NA,1,2025-09-22,NA,NA,"lake_littoral","floating_mat",NA,"NYSDEC","1306DEW0449_DH_20250918T1230","Kraft,Novello",41.8876494425463,-74.0474946617603,"QAPP-WQM-0078_V24-1_Benthic-HABs","bottle",2025-09-18 12:30:00,"Lake Probability Sampling 2024-2025","QAPP-LCI-0001_V25-1_Statewide","1306DEW0449_DH","microscopy_dominant_taxa",NA,"synechoccocus","250919002","not_applicable",NA,"UFI","1","not_provided","none","NYSDEC","not_provided","not_provided","not_provided",NA,NA,NA,"lab","not_provided","none","none",NA,"not_applicable","not_applicable","not_applicable",NA,NA,"not_applicable",NA,"not_provided","not_applicable",NA,NA,NA
"250919002-005","LBH25","25L0606","water",2025-09-18,1899-12-31 12:30:00,2025-09-19,1899-12-31 11:27:00,NA,1,2025-09-22,NA,NA,"lake_littoral","floating_mat",NA,"NYSDEC","1306DEW0449_DH_20250918T1230","Kraft,Novello",41.8876494425463,-74.0474946617603,"QAPP-WQM-0078_V24-1_Benthic-HABs","bottle",2025-09-18 12:30:00,"Lake Probability Sampling 2024-2025","QAPP-LCI-0001_V25-1_Statewide","1306DEW0449_DH","microscopy_dominant_taxa",NA,"fragilaria","250919002","not_applicable",NA,"UFI","1","not_provided","none","NYSDEC","not_provided","not_provided","not_provided",NA,NA,NA,"lab","not_provided","none","none",NA,"not_applicable","not_applicable","not_applicable",NA,NA,"not_applicable",NA,"not_provided","not_applicable",NA,NA,NA
"250919002-006","LBH25","25L0607","water",2025-09-18,1899-12-31 12:30:00,2025-09-19,1899-12-31 11:27:00,NA,1,2025-09-22,NA,NA,"lake_littoral","scrape",NA,"NYSDEC","1306DEW0449_DH_20250918T1230","Kraft,Novello",41.8876494425463,-74.0474946617603,"QAPP-WQM-0078_V24-1_Benthic-HABs","scrape",2025-09-18 12:30:00,"Lake Probability Sampling 2024-2025","QAPP-LCI-0001_V25-1_Statewide","1306DEW0449_DH","microscopy_dominant_taxa",NA,"phormidium","250919002","not_applicable",NA,"UFI","1","not_provided","none","NYSDEC","not_provided","not_provided","not_provided",NA,NA,NA,"lab","not_provided","none","none",NA,"not_applicable","not_applicable","not_applicable",NA,NA,"not_applicable",NA,"not_provided","not_applicable",NA,NA,NA
"250919002-006","LBH25","25L0607","water",2025-09-18,1899-12-31 12:30:00,2025-09-19,1899-12-31 11:27:00,NA,1,2025-09-22,NA,NA,"lake_littoral","scrape",NA,"NYSDEC","1306DEW0449_DH_20250918T1230","Kraft,Novello",41.8876494425463,-74.0474946617603,"QAPP-WQM-0078_V24-1_Benthic-HABs","scrape",2025-09-18 12:30:00,"Lake Probability Sampling 2024-2025","QAPP-LCI-0001_V25-1_Statewide","1306DEW0449_DH","microscopy_dominant_taxa",NA,"fragilaria","250919002","not_applicable",NA,"UFI","1","not_provided","none","NYSDEC","not_provided","not_provided","not_provided",NA,NA,NA,"lab","not_provided","none","none",NA,"not_applicable","not_applicable","not_applicable",NA,NA,"not_applicable",NA,"not_provided","not_applicable",NA,NA,NA
"250919002-006","LBH25","25L0607","water",2025-09-18,1899-12-31 12:30:00,2025-09-19,1899-12-31 11:27:00,NA,1,2025-09-22,NA,NA,"lake_littoral","scrape",NA,"NYSDEC","1306DEW0449_DH_20250918T1230","Kraft,Novello",41.8876494425463,-74.0474946617603,"QAPP-WQM-0078_V24-1_Benthic-HABs","scrape",2025-09-18 12:30:00,"Lake Probability Sampling 2024-2025","QAPP-LCI-0001_V25-1_Statewide","1306DEW0449_DH","microscopy_dominant_taxa",NA,"melosira","250919002","not_applicable",NA,"UFI","1","not_provided","none","NYSDEC","not_provided","not_provided","not_provided",NA,NA,NA,"lab","not_provided","none","none",NA,"not_applicable","not_applicable","not_applicable",NA,NA,"not_applicable",NA,"not_provided","not_applicable",NA,NA,NA
"250926003-003","LBH25","25L0624","water",2025-09-23,1899-12-31 13:45:00,2025-09-26,1899-12-31 13:12:00,NA,1,2025-10-06,NA,NA,"lake_littoral","scrape",NA,"NYSDEC","0201CUB0115_DH_20250923T1345","Onion,Goodrich,Novello",42.2472181980638,-78.276880640538,"QAPP-WQM-0078_V24-1_Benthic-HABs","scrape",2025-09-23 13:45:00,"Lake Probability Sampling 2024-2025","QAPP-LCI-0001_V25-1_Statewide","0201CUB0115_DH","microscopy_dominant_taxa",NA,"pennate diatoms","250926003","not_applicable",NA,"UFI","1","not_provided","none","NYSDEC","not_provided","not_provided","not_provided",NA,NA,NA,"lab","not_provided","none","none",NA,"not_applicable","not_applicable","not_applicable",NA,NA,"not_applicable",NA,"not_provided","not_applicable",NA,NA,NA
"250926003-003","LBH25","25L0624","water",2025-09-23,1899-12-31 13:45:00,2025-09-26,1899-12-31 13:12:00,NA,1,2025-10-06,NA,NA,"lake_littoral","scrape",NA,"NYSDEC","0201CUB0115_DH_20250923T1345","Onion,Goodrich,Novello",42.2472181980638,-78.276880640538,"QAPP-WQM-0078_V24-1_Benthic-HABs","scrape",2025-09-23 13:45:00,"Lake Probability Sampling 2024-2025","QAPP-LCI-0001_V25-1_Statewide","0201CUB0115_DH","microscopy_dominant_taxa",NA,"mougeotia","250926003","not_applicable",NA,"UFI","1","not_provided","none","NYSDEC","not_provided","not_provided","not_provided",NA,NA,NA,"lab","not_provided","none","none",NA,"not_applicable","not_applicable","not_applicable",NA,NA,"not_applicable",NA,"not_provided","not_applicable",NA,NA,NA
"250926003-003","LBH25","25L0624","water",2025-09-23,1899-12-31 13:45:00,2025-09-26,1899-12-31 13:12:00,NA,1,2025-10-06,NA,NA,"lake_littoral","scrape",NA,"NYSDEC","0201CUB0115_DH_20250923T1345","Onion,Goodrich,Novello",42.2472181980638,-78.276880640538,"QAPP-WQM-0078_V24-1_Benthic-HABs","scrape",2025-09-23 13:45:00,"Lake Probability Sampling 2024-2025","QAPP-LCI-0001_V25-1_Statewide","0201CUB0115_DH","microscopy_dominant_taxa",NA,"merismopedia","250926003","not_applicable",NA,"UFI","1","not_provided","none","NYSDEC","not_provided","not_provided","not_provided",NA,NA,NA,"lab","not_provided","none","none",NA,"not_applicable","not_applicable","not_applicable",NA,NA,"not_applicable",NA,"not_provided","not_applicable",NA,NA,NA
"250929002-002","LBH25","25L0630","water",2025-09-24,1899-12-31 10:15:00,2025-09-29,1899-12-31 10:25:00,NA,1,2025-10-06,NA,NA,"lake_littoral","scrape",NA,"NYSDEC","0201ALM5535_DH_20250924T1015","Onion,Novello",42.0141756033837,-77.9975175425797,"QAPP-WQM-0078_V24-1_Benthic-HABs","scrape",2025-09-24 10:15:00,"Lake Probability Sampling 2024-2025","QAPP-LCI-0001_V25-1_Statewide","0201ALM5535_DH","microscopy_dominant_taxa",NA,"tribonema","250929002","not_applicable",NA,"UFI","1","not_provided","none","NYSDEC","not_provided","not_provided","not_provided",NA,NA,NA,"lab","not_provided","none","none",NA,"not_applicable","not_applicable","not_applicable",NA,NA,"not_applicable",NA,"not_provided","not_applicable",NA,NA,NA
"250929002-002","LBH25","25L0630","water",2025-09-24,1899-12-31 10:15:00,2025-09-29,1899-12-31 10:25:00,NA,1,2025-10-06,NA,NA,"lake_littoral","scrape",NA,"NYSDEC","0201ALM5535_DH_20250924T1015","Onion,Novello",42.0141756033837,-77.9975175425797,"QAPP-WQM-0078_V24-1_Benthic-HABs","scrape",2025-09-24 10:15:00,"Lake Probability Sampling 2024-2025","QAPP-LCI-0001_V25-1_Statewide","0201ALM5535_DH","microscopy_dominant_taxa",NA,"phormidium","250929002","not_applicable",NA,"UFI","1","not_provided","none","NYSDEC","not_provided","not_provided","not_provided",NA,NA,NA,"lab","not_provided","none","none",NA,"not_applicable","not_applicable","not_applicable",NA,NA,"not_applicable",NA,"not_provided","not_applicable",NA,NA,NA
"250929002-002","LBH25","25L0630","water",2025-09-24,1899-12-31 10:15:00,2025-09-29,1899-12-31 10:25:00,NA,1,2025-10-06,NA,NA,"lake_littoral","scrape",NA,"NYSDEC","0201ALM5535_DH_20250924T1015","Onion,Novello",42.0141756033837,-77.9975175425797,"QAPP-WQM-0078_V24-1_Benthic-HABs","scrape",2025-09-24 10:15:00,"Lake Probability Sampling 2024-2025","QAPP-LCI-0001_V25-1_Statewide","0201ALM5535_DH","microscopy_dominant_taxa",NA,"pediastrum","250929002","not_applicable",NA,"UFI","1","not_provided","none","NYSDEC","not_provided","not_provided","not_provided",NA,NA,NA,"lab","not_provided","none","none",NA,"not_applicable","not_applicable","not_applicable",NA,NA,"not_applicable",NA,"not_provided","not_applicable",NA,NA,NA
"251002001-003","LBH25","25L0657","water",2025-09-30,1899-12-31 15:45:00,2025-10-02,1899-12-31 13:00:00,NA,1,2025-10-06,NA,NA,"lake_littoral","scrape",NA,"NYSDEC","1701WIC0812_DH_20250930T1545","Kraft,Novello",40.8800861752041,-72.3676501215178,"QAPP-WQM-0078_V24-1_Benthic-HABs","scrape",2025-09-30 15:45:00,"Lake Probability Sampling 2024-2025","QAPP-LCI-0001_V25-1_Statewide","1701WIC0812_DH","microscopy_dominant_taxa",NA,"dolichospermum","251002001","not_applicable",NA,"UFI","1","not_provided","none","NYSDEC","not_provided","not_provided","not_provided",NA,NA,NA,"lab","not_provided","none","none",NA,"not_applicable","not_applicable","not_applicable",NA,NA,"not_applicable",NA,"not_provided","not_applicable",NA,NA,NA
"251002001-003","LBH25","25L0657","water",2025-09-30,1899-12-31 15:45:00,2025-10-02,1899-12-31 13:00:00,NA,1,2025-10-06,NA,NA,"lake_littoral","scrape",NA,"NYSDEC","1701WIC0812_DH_20250930T1545","Kraft,Novello",40.8800861752041,-72.3676501215178,"QAPP-WQM-0078_V24-1_Benthic-HABs","scrape",2025-09-30 15:45:00,"Lake Probability Sampling 2024-2025","QAPP-LCI-0001_V25-1_Statewide","1701WIC0812_DH","microscopy_dominant_taxa",NA,"pediastrum","251002001","not_applicable",NA,"UFI","1","not_provided","none","NYSDEC","not_provided","not_provided","not_provided",NA,NA,NA,"lab","not_provided","none","none",NA,"not_applicable","not_applicable","not_applicable",NA,NA,"not_applicable",NA,"not_provided","not_applicable",NA,NA,NA
"251002001-003","LBH25","25L0657","water",2025-09-30,1899-12-31 15:45:00,2025-10-02,1899-12-31 13:00:00,NA,1,2025-10-06,NA,NA,"lake_littoral","scrape",NA,"NYSDEC","1701WIC0812_DH_20250930T1545","Kraft,Novello",40.8800861752041,-72.3676501215178,"QAPP-WQM-0078_V24-1_Benthic-HABs","scrape",2025-09-30 15:45:00,"Lake Probability Sampling 2024-2025","QAPP-LCI-0001_V25-1_Statewide","1701WIC0812_DH","microscopy_dominant_taxa",NA,"pennate diatoms","251002001","not_applicable",NA,"UFI","1","not_provided","none","NYSDEC","not_provided","not_provided","not_provided",NA,NA,NA,"lab","not_provided","none","none",NA,"not_applicable","not_applicable","not_applicable",NA,NA,"not_applicable",NA,"not_provided","not_applicable",NA,NA,NA
